Time, v, b, c, g, gy, y, o, r, cl, nir, Value, Average Value, Delta, Average Delta
156.000000, 5.340576, 18.310547, 8.544922, 18.463135, 21.667480, 19.226074, 12.969971, 5.645752, 38.146973, 1.525879, 0.435294, 0.435294, 0.000000, 0.000000, 0.000000
334.000000, 5.340576, 18.005371, 8.392334, 18.310547, 21.667480, 19.073486, 12.969971, 5.645752, 37.689209, 1.525879, 0.435294, 0.435294, 0.000000, 0.000000, 0.000000
515.000000, 5.340576, 18.005371, 8.392334, 18.157959, 21.667480, 19.226074, 12.969971, 5.645752, 37.994385, 1.525879, 0.435294, 0.435294, 0.000000, 0.000000, 0.000000
694.000000, 5.493164, 18.463135, 8.544922, 18.615723, 21.820068, 19.226074, 12.969971, 5.645752, 37.231445, 1.525879, 0.435294, 0.435294, 0.000000, 0.000000, 0.000000
874.000000, 5.340576, 18.157959, 8.392334, 18.463135, 21.820068, 19.378662, 13.122559, 5.798340, 37.536621, 1.525879, 0.441860, 0.436607, -0.006566, -0.001313, 0.000000
1056.000000, 5.340576, 18.463135, 8.544922, 18.615723, 21.820068, 19.226074, 12.969971, 5.798340, 37.536621, 1.525879, 0.447059, 0.438349, -0.005198, -0.001961, 0.000000
1239.000000, 5.340576, 18.310547, 8.544922, 18.463135, 21.820068, 19.378662, 12.969971, 5.798340, 37.536621, 1.525879, 0.447059, 0.439594, 0.000000, -0.001681, 0.000000
1420.000000, 5.340576, 18.310547, 8.544922, 18.463135, 21.667480, 19.226074, 12.969971, 5.645752, 37.536621, 1.525879, 0.435294, 0.439056, 0.011765, 0.000000, 0.000000
1600.000000, 5.340576, 18.310547, 8.544922, 18.463135, 21.820068, 19.226074, 12.969971, 5.798340, 37.536621, 1.525879, 0.447059, 0.439945, -0.011765, -0.001307, 0.000000
1783.000000, 5.340576, 18.310547, 8.544922, 18.463135, 21.820068, 19.226074, 13.122559, 5.798340, 37.689209, 1.525879, 0.441860, 0.440137, 0.005198, -0.000657, 0.000000
1964.000000, 7.019043, 25.634766, 10.833740, 20.904541, 18.157959, 18.920898, 13.122559, 6.256104, 32.501221, 1.220703, 0.476744, 0.443465, -0.034884, -0.003768, 0.000000
2148.000000, 5.340576, 19.836426, 8.392334, 14.953613, 14.495850, 16.632080, 11.596680, 5.950928, 28.076172, 0.915527, 0.513158, 0.449273, -0.036414, -0.006489, 0.000000
2331.000000, 4.272461, 14.648438, 6.256104, 10.681152, 7.781982, 13.275146, 9.307861, 5.493164, 11.901855, 0.305176, 0.590164, 0.460110, -0.077006, -0.011913, 0.000000
2512.000000, 3.509521, 12.512207, 4.730225, 7.324219, 6.866455, 9.613037, 7.324219, 3.814697, 14.190674, 0.610352, 0.520833, 0.464448, 0.069331, -0.006110, 0.000000
2690.000000, 2.593994, 10.986328, 4.119873, 4.730225, 7.476807, 9.765625, 7.629395, 3.814697, 17.089844, 0.610352, 0.500000, 0.466818, 0.020833, -0.004314, 0.000000
2868.000000, 4.425049, 16.021729, 5.950928, 11.138916, 8.850098, 9.460449, 7.171631, 3.814697, 27.618408, 0.915527, 0.531915, 0.470886, -0.031915, -0.006039, 0.000000
3047.000000, 1.525879, 6.256104, 1.983643, 2.136230, 3.051758, 4.119873, 3.662109, 2.136230, 9.155273, 0.305176, 0.583333, 0.477501, -0.051418, -0.008708, 0.000000
3224.000000, 1.525879, 6.103516, 1.983643, 1.373291, 2.136230, 3.509521, 3.204346, 2.136230, 7.019043, 0.305176, 0.666667, 0.488010, -0.083333, -0.012854, 0.000000
3401.000000, 1.678467, 10.223389, 2.288818, 1.068115, 1.525879, 4.272461, 3.967285, 4.577637, 7.019043, 0.305176, 1.153846, 0.523054, -0.487179, -0.037819, 0.000000
3578.000000, 2.136230, 11.291504, 3.051758, 1.831055, 2.288818, 4.577637, 3.814697, 4.425049, 7.629395, 0.305176, 1.160000, 0.554901, -0.006154, -0.036235, 0.000000
3755.000000, 1.678467, 9.918213, 3.662109, 3.051758, 3.662109, 4.730225, 3.814697, 4.119873, 10.833740, 0.305176, 1.080000, 0.579906, 0.080000, -0.030700, 0.000000
3930.000000, 1.525879, 9.307861, 4.577637, 5.645752, 5.035400, 5.035400, 3.662109, 4.425049, 11.291504, 0.305176, 1.208333, 0.608471, -0.128333, -0.035138, 0.000000
4107.000000, 2.746582, 16.174316, 9.307861, 13.885498, 9.002686, 6.866455, 5.187988, 6.713867, 14.801025, 0.610352, 1.294118, 0.638282, -0.085784, -0.037340, 0.000000
4286.000000, 2.136230, 12.054443, 9.155273, 16.021729, 9.613037, 5.798340, 4.425049, 5.798340, 9.307861, 0.610352, 1.310345, 0.666284, -0.016227, -0.036460, 0.000000
4465.000000, 1.983643, 10.681152, 9.155273, 18.157959, 11.444092, 5.798340, 4.425049, 6.256104, 9.002686, 0.610352, 1.413793, 0.696185, -0.103448, -0.039140, 0.000000
4645.000000, 1.220703, 6.866455, 5.340576, 13.122559, 7.781982, 4.730225, 2.899170, 4.425049, 10.833740, 0.305176, 1.526316, 0.728113, -0.112523, -0.041962, 0.000000
4824.000000, 1.220703, 6.256104, 6.561279, 14.495850, 11.291504, 4.730225, 4.119873, 4.577637, 10.070801, 0.610352, 1.111111, 0.742298, 0.415205, -0.025030, 0.000000
5003.000000, 1.220703, 6.561279, 6.866455, 18.157959, 9.002686, 4.882813, 3.356934, 4.272461, 8.697510, 0.305176, 1.272727, 0.761242, -0.161616, -0.029908, 0.000000
5180.000000, 1.678467, 8.850098, 8.850098, 23.498535, 13.275146, 6.713867, 4.272461, 6.561279, 11.901855, 0.610352, 1.535714, 0.787948, -0.262987, -0.037946, 0.000000
5360.000000, 1.678467, 8.239746, 9.613037, 23.040771, 12.359619, 6.256104, 4.425049, 6.256104, 8.850098, 0.610352, 1.413793, 0.808809, 0.121921, -0.032617, 0.000000
5538.000000, 1.373291, 8.239746, 8.544922, 24.566650, 13.885498, 7.171631, 4.577637, 7.019043, 9.307861, 0.610352, 1.533333, 0.832181, -0.119540, -0.035421, 0.000000
5717.000000, 1.525879, 8.239746, 8.392334, 24.871826, 12.054443, 7.171631, 4.119873, 5.950928, 9.765625, 0.610352, 1.444444, 0.851314, 0.088889, -0.031536, 0.000000
5895.000000, 1.373291, 6.866455, 7.324219, 19.683838, 14.343262, 6.713867, 4.882813, 6.103516, 9.460449, 0.305176, 1.250000, 0.863396, 0.194444, -0.024688, 0.000000
6073.000000, 1.678467, 8.087158, 9.307861, 26.092529, 16.021729, 8.087158, 5.187988, 7.324219, 9.765625, 0.610352, 1.411765, 0.879524, -0.161765, -0.028720, 0.000000
6251.000000, 1.525879, 8.392334, 8.544922, 25.482178, 12.664795, 8.087158, 5.645752, 7.019043, 8.544922, 0.610352, 1.243243, 0.889916, 0.168522, -0.023084, 0.000000
6428.000000, 1.525879, 8.392334, 7.781982, 20.599365, 14.495850, 8.697510, 5.950928, 7.476807, 9.918213, 0.610352, 1.256410, 0.900096, -0.013167, -0.022809, 0.000000
6606.000000, 1.525879, 7.781982, 8.392334, 24.108887, 16.021729, 8.697510, 5.798340, 7.476807, 8.544922, 0.610352, 1.289474, 0.910620, -0.033063, -0.023086, 0.000000
6786.000000, 1.678467, 7.629395, 9.155273, 26.397705, 16.174316, 9.002686, 6.103516, 7.324219, 9.155273, 0.610352, 1.200000, 0.918235, 0.089474, -0.020124, 0.000000
6962.000000, 1.373291, 6.713867, 7.476807, 23.498535, 16.021729, 9.155273, 6.408691, 7.781982, 9.765625, 0.610352, 1.214286, 0.925827, -0.014286, -0.019974, 0.000000
7141.000000, 1.373291, 7.324219, 7.781982, 24.108887, 16.784668, 10.223389, 6.713867, 8.392334, 9.613037, 0.610352, 1.250000, 0.933931, -0.035714, -0.020368, 0.000000
7320.000000, 1.373291, 7.019043, 7.324219, 23.040771, 17.852783, 10.528564, 7.629395, 8.544922, 9.765625, 0.610352, 1.120000, 0.938469, 0.130000, -0.016700, 0.000000
7498.000000, 1.068115, 6.103516, 5.645752, 16.937256, 15.869141, 10.681152, 7.629395, 8.544922, 8.392334, 0.610352, 1.120000, 0.942791, 0.000000, -0.016303, 0.000000
7676.000000, 1.373291, 7.171631, 6.256104, 16.326904, 14.648438, 11.444092, 7.476807, 9.002686, 8.239746, 0.610352, 1.204082, 0.948868, -0.084082, -0.017879, 0.000000
7857.000000, 1.220703, 6.866455, 6.866455, 21.514893, 13.885498, 10.375977, 6.408691, 8.239746, 9.155273, 0.610352, 1.285714, 0.956523, -0.081633, -0.019328, 0.000000
8037.000000, 1.373291, 6.561279, 7.476807, 22.583008, 16.479492, 11.138916, 7.781982, 8.697510, 9.155273, 0.610352, 1.117647, 0.960104, 0.168067, -0.015163, 0.000000
8215.000000, 1.373291, 6.256104, 7.019043, 22.430420, 16.937256, 11.444092, 7.629395, 9.155273, 9.765625, 0.610352, 1.200000, 0.965319, -0.082353, -0.016624, 0.000000
8393.000000, 1.220703, 5.493164, 6.256104, 20.294189, 14.953613, 10.986328, 6.866455, 8.850098, 9.613037, 0.610352, 1.288889, 0.972203, -0.088889, -0.018162, 0.000000
8574.000000, 1.373291, 5.798340, 6.866455, 22.277832, 18.157959, 10.833740, 8.697510, 8.850098, 10.375977, 0.610352, 1.017544, 0.973148, 0.271345, -0.012130, 0.000000
8752.000000, 1.373291, 5.798340, 6.713867, 22.430420, 16.937256, 11.596680, 8.239746, 9.613037, 9.613037, 0.610352, 1.166667, 0.977098, -0.149123, -0.014926, 0.000000
8932.000000, 1.373291, 5.187988, 6.866455, 20.294189, 17.242432, 11.138916, 8.392334, 8.697510, 9.765625, 0.610352, 1.036364, 0.978283, 0.130303, -0.012021, 0.000000
9111.000000, 1.220703, 5.950928, 6.561279, 23.040771, 17.395020, 11.596680, 8.697510, 9.002686, 10.070801, 0.610352, 1.035088, 0.979397, 0.001276, -0.011761, 0.000000
9290.000000, 1.220703, 5.493164, 6.408691, 21.667480, 18.463135, 11.901855, 9.002686, 9.155273, 9.765625, 0.610352, 1.016949, 0.980119, 0.018139, -0.011186, 0.000000
9470.000000, 1.220703, 5.950928, 6.561279, 22.277832, 19.378662, 12.969971, 9.765625, 10.223389, 10.528564, 0.610352, 1.046875, 0.981378, -0.029926, -0.011539, 0.000000
9652.000000, 1.220703, 5.035400, 6.103516, 19.683838, 16.937256, 12.207031, 8.392334, 9.460449, 10.223389, 0.610352, 1.127273, 0.984080, -0.080398, -0.012814, 0.000000
9831.000000, 1.220703, 4.882813, 6.103516, 19.378662, 17.547607, 11.596680, 8.544922, 9.155273, 9.460449, 0.610352, 1.071429, 0.985668, 0.055844, -0.011566, 0.000000
10010.000000, 1.220703, 4.882813, 6.103516, 21.667480, 18.463135, 12.207031, 9.765625, 9.765625, 9.613037, 0.610352, 1.000000, 0.985924, 0.071429, -0.010084, 0.000000
10189.000000, 1.220703, 5.035400, 5.950928, 22.277832, 18.920898, 12.817383, 9.918213, 10.223389, 9.765625, 0.610352, 1.030769, 0.986711, -0.030769, -0.010447, 0.000000
10372.000000, 1.220703, 4.730225, 5.798340, 20.751953, 18.005371, 12.664795, 9.613037, 9.765625, 9.765625, 0.610352, 1.015873, 0.987214, 0.014896, -0.010010, 0.000000
10550.000000, 1.220703, 4.577637, 5.645752, 19.989014, 18.463135, 12.817383, 10.070801, 9.918213, 10.070801, 0.610352, 0.984848, 0.987174, 0.031025, -0.009314, 0.000000
10732.000000, 1.220703, 4.577637, 5.645752, 20.446777, 18.615723, 12.969971, 10.070801, 9.918213, 10.223389, 0.610352, 0.984848, 0.987135, 0.000000, -0.009159, 0.000000
10913.000000, 1.220703, 4.730225, 5.645752, 21.057129, 19.531250, 13.885498, 10.986328, 10.681152, 10.070801, 0.610352, 0.972222, 0.986890, 0.012626, -0.008802, 0.000000
11097.000000, 1.220703, 4.730225, 5.798340, 20.599365, 19.836426, 14.343262, 11.138916, 11.138916, 10.070801, 0.915527, 1.000000, 0.987102, -0.027778, -0.009108, 0.000000
11278.000000, 1.220703, 4.577637, 5.798340, 20.446777, 19.989014, 14.648438, 10.986328, 11.291504, 10.070801, 0.610352, 1.027778, 0.987747, -0.027778, -0.009405, 0.000000
11462.000000, 1.220703, 4.425049, 5.493164, 19.531250, 19.683838, 14.648438, 11.444092, 10.681152, 10.833740, 0.915527, 0.933333, 0.986897, 0.094444, -0.007782, 0.000000
11644.000000, 1.373291, 4.577637, 5.798340, 20.141602, 20.446777, 15.258789, 11.749268, 11.291504, 10.223389, 0.915527, 0.961039, 0.986499, -0.027706, -0.008088, 0.000000
11829.000000, 1.220703, 4.730225, 5.798340, 21.820068, 20.904541, 16.326904, 12.054443, 11.596680, 9.918213, 0.915527, 0.962025, 0.994603, -0.000986, -0.008104, 0.000000
12012.000000, 1.220703, 4.272461, 5.493164, 18.615723, 21.057129, 15.869141, 11.749268, 11.138916, 10.375977, 0.915527, 0.948052, 1.002492, 0.013973, -0.007889, 0.000000
12194.000000, 1.220703, 4.272461, 5.340576, 19.989014, 20.904541, 16.021729, 12.969971, 11.138916, 10.528564, 0.915527, 0.858824, 1.009007, 0.089228, -0.006516, 0.000000
12378.000000, 1.220703, 4.272461, 5.493164, 20.599365, 21.057129, 16.784668, 13.122559, 11.596680, 11.138916, 0.915527, 0.883721, 1.015906, -0.024897, -0.006899, 0.000000
12562.000000, 1.373291, 4.425049, 5.798340, 20.751953, 23.498535, 17.852783, 14.648438, 12.664795, 11.749268, 0.915527, 0.864583, 1.022410, 0.019138, -0.006503, 0.000000
12745.000000, 1.373291, 4.272461, 5.493164, 20.294189, 22.277832, 17.700195, 13.732910, 12.359619, 12.207031, 0.915527, 0.900000, 1.029378, -0.035417, -0.006968, 0.000000
12929.000000, 1.525879, 4.577637, 5.798340, 21.209717, 24.261475, 19.683838, 15.106201, 13.275146, 12.664795, 1.220703, 0.878788, 1.036020, 0.021212, -0.006642, 0.000000
13112.000000, 1.525879, 4.730225, 5.950928, 22.277832, 25.329590, 20.446777, 15.869141, 13.580322, 12.817383, 1.220703, 0.855769, 1.042489, 0.023019, -0.006469, 0.000000
13292.000000, 1.373291, 4.730225, 5.645752, 22.125244, 24.566650, 20.141602, 15.716553, 13.275146, 12.512207, 0.915527, 0.844660, 1.048606, 0.011109, -0.006117, 0.000000
13474.000000, 1.525879, 4.730225, 5.950928, 21.209717, 26.092529, 21.667480, 16.479492, 13.885498, 13.275146, 1.220703, 0.842593, 1.054771, 0.002068, -0.006165, 0.000000
13658.000000, 1.525879, 4.730225, 6.103516, 21.820068, 26.855469, 22.430420, 17.852783, 14.190674, 12.817383, 1.220703, 0.794872, 1.059665, 0.047721, -0.004894, 0.000000
13839.000000, 1.525879, 5.035400, 5.950928, 23.345947, 27.008057, 23.040771, 17.700195, 14.801025, 12.817383, 0.915527, 0.836207, 1.064635, -0.041335, -0.004970, 0.000000
14023.000000, 1.525879, 4.730225, 5.798340, 21.667480, 25.939941, 22.888184, 17.242432, 14.190674, 13.427734, 1.220703, 0.823009, 1.068218, 0.013198, -0.003582, 0.000000
14204.000000, 1.373291, 4.577637, 5.340576, 21.514893, 25.177002, 22.430420, 17.242432, 13.885498, 12.969971, 1.220703, 0.805310, 1.072594, 0.017699, -0.004377, 0.000000
14388.000000, 1.525879, 4.730225, 5.493164, 21.667480, 26.397705, 23.193359, 18.005371, 14.038086, 13.427734, 1.220703, 0.779661, 1.076897, 0.025649, -0.004302, 0.000000
14569.000000, 1.525879, 4.425049, 5.645752, 21.057129, 26.092529, 23.345947, 18.157959, 14.038086, 13.427734, 0.915527, 0.773109, 1.080607, 0.006552, -0.003711, 0.000000
14751.000000, 1.525879, 4.577637, 5.798340, 21.362305, 27.465820, 24.719238, 19.073486, 14.953613, 13.427734, 1.220703, 0.784000, 1.083695, -0.010891, -0.003087, 0.000000
14935.000000, 1.525879, 4.730225, 5.798340, 22.430420, 28.076172, 25.787354, 19.836426, 15.411377, 13.427734, 1.220703, 0.776923, 1.085391, 0.007077, -0.001696, 0.000000
FIRST DELTA HIT
15134.000000, 1.525879, 4.730225, 5.645752, 22.125244, 27.923584, 25.634766, 20.141602, 15.106201, 14.038086, 1.220703, 0.750000, 1.079178, 0.026923, 0.006213, 0.000000
15315.000000, 1.525879, 4.577637, 5.645752, 21.820068, 27.770996, 25.939941, 20.141602, 15.258789, 13.885498, 1.220703, 0.757576, 1.072987, -0.007576, 0.006191, 0.000000
15495.000000, 1.525879, 4.577637, 5.645752, 21.514893, 27.313232, 26.092529, 19.836426, 15.258789, 14.190674, 1.220703, 0.769231, 1.068206, -0.011655, 0.004781, 0.000000
15678.000000, 1.525879, 4.425049, 5.340576, 20.599365, 27.618408, 26.092529, 20.294189, 15.106201, 14.190674, 1.220703, 0.744361, 1.061068, 0.024870, 0.007138, 0.000000
15859.000000, 1.525879, 4.425049, 5.493164, 20.751953, 27.770996, 26.245117, 20.446777, 15.106201, 14.038086, 1.220703, 0.738806, 1.052524, 0.005555, 0.008543, 0.000000
16041.000000, 1.525879, 4.577637, 5.493164, 21.362305, 28.076172, 26.702881, 20.599365, 15.411377, 14.190674, 1.220703, 0.748148, 1.043875, -0.009342, 0.008649, 0.000000
16223.000000, 1.525879, 4.425049, 5.340576, 21.362305, 28.076172, 26.855469, 21.209717, 15.258789, 14.495850, 1.220703, 0.719424, 1.033193, 0.028724, 0.010683, 0.000000
16405.000000, 1.525879, 4.425049, 5.493164, 20.904541, 28.381348, 27.465820, 21.362305, 15.716553, 14.190674, 1.220703, 0.735714, 1.021029, -0.016290, 0.012163, 0.000000
16588.000000, 1.525879, 4.425049, 5.340576, 21.057129, 28.228760, 28.381348, 21.514893, 16.021729, 14.343262, 1.220703, 0.744681, 1.015392, -0.008967, 0.005637, 0.000000
16771.000000, 1.525879, 4.272461, 5.340576, 20.446777, 28.228760, 28.076172, 21.667480, 15.869141, 14.495850, 1.220703, 0.732394, 1.007079, 0.012286, 0.008313, 0.000000
16953.000000, 1.525879, 4.119873, 5.035400, 19.531250, 27.465820, 27.618408, 21.362305, 15.411377, 13.732910, 1.220703, 0.721429, 0.994552, 0.010966, 0.012527, 0.000000
17135.000000, 1.525879, 3.967285, 5.035400, 19.531250, 27.618408, 27.160645, 21.362305, 15.106201, 13.732910, 1.220703, 0.707143, 0.983680, 0.014286, 0.010872, 0.000000
17315.000000, 1.525879, 4.119873, 5.035400, 19.683838, 27.160645, 27.618408, 21.362305, 15.258789, 13.122559, 1.220703, 0.714286, 0.971079, -0.007143, 0.012601, 0.000000
17499.000000, 1.525879, 3.967285, 5.035400, 19.531250, 27.465820, 27.465820, 21.514893, 15.106201, 13.427734, 1.220703, 0.702128, 0.959659, 0.012158, 0.011420, 0.000000
17679.000000, 1.525879, 3.967285, 5.035400, 19.378662, 28.076172, 28.533936, 22.277832, 15.563965, 13.885498, 1.220703, 0.698630, 0.951177, 0.003497, 0.008483, 0.000000
17861.000000, 1.678467, 4.272461, 5.187988, 20.294189, 28.686523, 30.364990, 22.583008, 16.479492, 13.885498, 1.220703, 0.729730, 0.940684, -0.031100, 0.010493, 0.000000
18042.000000, 1.525879, 4.119873, 5.035400, 20.141602, 28.991699, 29.296875, 23.498535, 15.716553, 13.732910, 1.220703, 0.668831, 0.931847, 0.060899, 0.008837, 0.000000
18225.000000, 1.678467, 4.119873, 5.035400, 20.294189, 28.686523, 30.364990, 23.345947, 16.326904, 13.885498, 1.220703, 0.699346, 0.923276, -0.030515, 0.008570, 0.000000
18407.000000, 1.525879, 3.967285, 4.882813, 19.531250, 28.228760, 28.839111, 23.345947, 15.563965, 13.885498, 1.220703, 0.666667, 0.913695, 0.032680, 0.009582, 0.000000
18589.000000, 1.678467, 3.967285, 5.035400, 19.226074, 28.533936, 29.296875, 23.498535, 15.716553, 14.190674, 1.220703, 0.668831, 0.905523, -0.002164, 0.008172, 0.000000
18773.000000, 1.678467, 3.814697, 4.882813, 19.073486, 28.686523, 29.449463, 23.498535, 15.716553, 14.495850, 1.220703, 0.668831, 0.897131, 0.000000, 0.008392, 0.000000
18953.000000, 1.678467, 3.967285, 5.035400, 19.683838, 29.602051, 30.212402, 24.414063, 16.326904, 13.885498, 1.220703, 0.668750, 0.888189, 0.000081, 0.008942, 0.000000
19135.000000, 1.678467, 3.967285, 4.882813, 19.683838, 29.144287, 30.517578, 24.414063, 16.326904, 14.038086, 1.220703, 0.668750, 0.881247, 0.000000, 0.006942, 0.000000
19315.000000, 1.678467, 3.967285, 4.882813, 19.531250, 29.296875, 30.822754, 24.414063, 16.479492, 14.495850, 1.220703, 0.675000, 0.874401, -0.006250, 0.006846, 0.000000
19499.000000, 1.678467, 3.967285, 5.035400, 19.683838, 29.754639, 31.585693, 24.871826, 16.784668, 14.343262, 1.220703, 0.674847, 0.866259, 0.000153, 0.008142, 0.000000
19681.000000, 1.678467, 3.967285, 5.035400, 20.294189, 29.907227, 32.043457, 25.482178, 16.937256, 14.343262, 1.220703, 0.664671, 0.856704, 0.010176, 0.009555, 0.000000
19862.000000, 1.678467, 3.814697, 4.882813, 19.378662, 29.296875, 31.738281, 25.024414, 16.632080, 14.190674, 1.220703, 0.664634, 0.849734, 0.000036, 0.006969, 0.000000
20044.000000, 1.678467, 3.814697, 4.882813, 19.378662, 29.144287, 31.890869, 25.177002, 16.784668, 14.190674, 1.525879, 0.666667, 0.841529, -0.002033, 0.008205, 0.000000
20228.000000, 1.678467, 3.814697, 4.882813, 19.531250, 29.449463, 32.043457, 25.482178, 16.784668, 14.038086, 1.220703, 0.658683, 0.831834, 0.007984, 0.009695, 0.000000
20410.000000, 1.678467, 3.814697, 4.730225, 19.226074, 28.991699, 31.890869, 25.482178, 16.632080, 14.495850, 1.220703, 0.652695, 0.826221, 0.005988, 0.005613, 0.000000
20590.000000, 1.678467, 3.814697, 4.730225, 18.615723, 29.602051, 32.348633, 25.787354, 16.937256, 14.648438, 1.220703, 0.656805, 0.818377, -0.004110, 0.007844, 0.000000
20773.000000, 1.678467, 3.967285, 4.882813, 19.683838, 30.212402, 33.721924, 26.550293, 17.395020, 14.648438, 1.525879, 0.655172, 0.812512, 0.001632, 0.005864, 0.000000
20955.000000, 1.678467, 3.967285, 4.882813, 19.989014, 30.670166, 34.179688, 27.160645, 17.700195, 14.801025, 1.525879, 0.651685, 0.806614, 0.003487, 0.005898, 0.000000
21137.000000, 1.678467, 3.967285, 4.882813, 19.836426, 30.670166, 34.179688, 27.008057, 17.547607, 14.801025, 1.220703, 0.649718, 0.800964, 0.001968, 0.005650, 0.000000
21319.000000, 1.678467, 3.814697, 4.882813, 19.378662, 30.364990, 34.332275, 26.702881, 17.700195, 14.648438, 1.220703, 0.662857, 0.795056, -0.013140, 0.005908, 0.000000
21502.000000, 1.678467, 3.814697, 4.730225, 19.378662, 29.907227, 34.332275, 26.855469, 17.547607, 14.801025, 1.220703, 0.653409, 0.787766, 0.009448, 0.007290, 0.000000
21684.000000, 1.678467, 3.814697, 4.577637, 18.920898, 29.602051, 33.874512, 26.550293, 17.242432, 14.648438, 1.220703, 0.649425, 0.781273, 0.003984, 0.006492, 0.000000
21864.000000, 1.678467, 3.662109, 4.577637, 18.615723, 29.296875, 33.721924, 26.397705, 17.242432, 14.801025, 1.220703, 0.653179, 0.775938, -0.003754, 0.005336, 0.000000
22047.000000, 1.678467, 3.662109, 4.577637, 18.463135, 29.449463, 33.874512, 26.702881, 17.242432, 14.953613, 1.220703, 0.645714, 0.770014, 0.007465, 0.005924, 0.000000
22230.000000, 1.678467, 3.662109, 4.577637, 18.463135, 29.754639, 34.332275, 27.008057, 17.395020, 14.953613, 1.525879, 0.644068, 0.764294, 0.001646, 0.005720, 0.000000
22411.000000, 1.678467, 3.662109, 4.577637, 18.615723, 30.059814, 35.095215, 27.465820, 17.700195, 14.953613, 1.220703, 0.644444, 0.759057, -0.000377, 0.005237, 0.000000
22594.000000, 1.678467, 3.814697, 4.730225, 18.920898, 30.975342, 35.400391, 28.228760, 17.852783, 15.106201, 1.220703, 0.632432, 0.753635, 0.012012, 0.005422, 0.000000
22774.000000, 1.678467, 3.814697, 4.730225, 19.073486, 31.585693, 35.858154, 28.991699, 18.005371, 15.258789, 1.220703, 0.621053, 0.748232, 0.011380, 0.005403, 0.000000
22957.000000, 1.678467, 3.814697, 4.730225, 19.226074, 31.738281, 36.315918, 29.296875, 18.157959, 15.258789, 1.525879, 0.619792, 0.742383, 0.001261, 0.005849, 0.000000
23139.000000, 1.678467, 3.814697, 4.730225, 19.073486, 31.433105, 36.315918, 29.144287, 18.157959, 15.258789, 1.525879, 0.623037, 0.736156, -0.003245, 0.006227, 0.000000
23322.000000, 1.678467, 3.814697, 4.730225, 18.920898, 31.585693, 36.315918, 29.449463, 18.157959, 15.258789, 1.220703, 0.616580, 0.731283, 0.006456, 0.004873, 0.000000
23503.000000, 1.831055, 3.814697, 4.730225, 19.073486, 31.890869, 36.926270, 29.754639, 18.310547, 15.411377, 1.220703, 0.615385, 0.725965, 0.001196, 0.005318, 0.000000
23685.000000, 1.678467, 3.814697, 4.730225, 19.073486, 31.585693, 37.536621, 29.602051, 18.615723, 15.258789, 1.525879, 0.628866, 0.720840, -0.013481, 0.005126, 0.000000
23867.000000, 1.678467, 3.814697, 4.577637, 18.920898, 31.280518, 37.231445, 29.449463, 18.463135, 15.411377, 1.525879, 0.626943, 0.715900, 0.001923, 0.004940, 0.000000
24049.000000, 1.678467, 3.662109, 4.577637, 18.615723, 31.280518, 36.926270, 29.602051, 18.310547, 15.411377, 1.525879, 0.618557, 0.712203, 0.008386, 0.003696, 0.000000
24229.000000, 1.678467, 3.662109, 4.577637, 18.768311, 31.433105, 37.384033, 29.907227, 18.310547, 15.411377, 1.525879, 0.612245, 0.708027, 0.006312, 0.004177, 0.000000
24412.000000, 1.831055, 3.662109, 4.577637, 18.768311, 31.890869, 37.689209, 30.059814, 18.463135, 15.563965, 1.525879, 0.614213, 0.704175, -0.001968, 0.003852, 0.000000
24595.000000, 1.831055, 3.814697, 4.730225, 18.768311, 32.348633, 38.299561, 30.670166, 18.615723, 15.716553, 1.525879, 0.606965, 0.699667, 0.007248, 0.004508, 0.000000
24776.000000, 1.831055, 3.814697, 4.730225, 19.073486, 32.653809, 38.757324, 31.127930, 18.920898, 16.021729, 1.525879, 0.607843, 0.695498, -0.000878, 0.004168, 0.000000
24960.000000, 1.831055, 3.814697, 4.730225, 19.226074, 32.958984, 38.909912, 31.433105, 18.920898, 15.869141, 1.525879, 0.601942, 0.691593, 0.005901, 0.003905, 0.000000
25142.000000, 1.831055, 3.814697, 4.730225, 19.226074, 32.958984, 39.215088, 31.738281, 18.920898, 15.869141, 1.525879, 0.596154, 0.687770, 0.005788, 0.003823, 0.000000
25324.000000, 1.831055, 3.814697, 4.730225, 19.073486, 33.111572, 39.367676, 31.585693, 19.073486, 16.021729, 1.525879, 0.603865, 0.684097, -0.007711, 0.003673, 0.000000
25506.000000, 1.831055, 3.814697, 4.730225, 19.226074, 33.264160, 39.825439, 32.043457, 19.226074, 16.174316, 1.525879, 0.600000, 0.681099, 0.003865, 0.002998, 0.000000
25689.000000, 1.831055, 3.814697, 4.730225, 19.378662, 33.264160, 40.435791, 32.043457, 19.378662, 16.174316, 1.525879, 0.604762, 0.677539, -0.004762, 0.003561, 0.000000
25872.000000, 1.831055, 3.814697, 4.730225, 19.378662, 33.264160, 40.588379, 32.196045, 19.378662, 16.174316, 1.525879, 0.601896, 0.674137, 0.002866, 0.003402, 0.000000
26052.000000, 1.831055, 3.814697, 4.730225, 19.226074, 33.111572, 40.740967, 32.348633, 19.531250, 16.021729, 1.525879, 0.603774, 0.671036, -0.001878, 0.003101, 0.000000
26235.000000, 1.831055, 3.814697, 4.730225, 19.378662, 33.264160, 41.046143, 32.196045, 19.531250, 16.021729, 1.525879, 0.606635, 0.668374, -0.002861, 0.002662, 0.000000
26418.000000, 1.831055, 3.814697, 4.730225, 19.378662, 33.416748, 41.503906, 32.348633, 19.683838, 16.326904, 1.525879, 0.608491, 0.665842, -0.001855, 0.002533, 0.000000
26600.000000, 1.831055, 3.814697, 4.730225, 19.073486, 33.416748, 41.351318, 32.501221, 19.531250, 16.326904, 1.525879, 0.600939, 0.663025, 0.007552, 0.002816, 0.000000
26781.000000, 1.831055, 3.814697, 4.730225, 19.073486, 33.569336, 41.503906, 32.653809, 19.683838, 16.326904, 1.525879, 0.602804, 0.660347, -0.001865, 0.002679, 0.000000
26965.000000, 1.831055, 3.814697, 4.730225, 19.226074, 33.569336, 41.503906, 32.958984, 19.683838, 16.632080, 1.525879, 0.597222, 0.657996, 0.005582, 0.002350, 0.000000
27147.000000, 1.831055, 3.814697, 4.730225, 19.073486, 33.416748, 41.656494, 32.958984, 19.683838, 16.784668, 1.525879, 0.597222, 0.655529, 0.000000, 0.002467, 0.000000
27328.000000, 1.831055, 3.662109, 4.730225, 18.768311, 33.416748, 41.351318, 32.958984, 19.531250, 16.784668, 1.831055, 0.592593, 0.652812, 0.004630, 0.002718, 0.000000
27509.000000, 1.831055, 3.662109, 4.577637, 18.920898, 33.569336, 41.351318, 33.264160, 19.531250, 16.784668, 1.525879, 0.587156, 0.650393, 0.005437, 0.002419, 0.000000
27691.000000, 1.831055, 3.662109, 4.730225, 18.768311, 33.721924, 41.809082, 33.264160, 19.683838, 16.784668, 1.525879, 0.591743, 0.648131, -0.004587, 0.002263, 0.000000
27874.000000, 1.831055, 3.662109, 4.730225, 18.768311, 33.874512, 41.809082, 33.569336, 19.683838, 16.784668, 1.831055, 0.586364, 0.645642, 0.005379, 0.002489, 0.000000
28056.000000, 1.831055, 3.662109, 4.730225, 18.768311, 33.874512, 41.961670, 33.721924, 19.683838, 16.937256, 1.525879, 0.583710, 0.643554, 0.002653, 0.002088, 0.000000
28238.000000, 1.831055, 3.662109, 4.730225, 18.768311, 34.027100, 42.266846, 33.874512, 19.836426, 16.937256, 1.525879, 0.585586, 0.641244, -0.001875, 0.002310, 0.000000
28420.000000, 1.831055, 3.662109, 4.730225, 18.768311, 34.179688, 42.419434, 34.027100, 19.836426, 16.937256, 1.525879, 0.582960, 0.638756, 0.002626, 0.002488, 0.000000
28600.000000, 1.831055, 3.662109, 4.730225, 18.768311, 34.179688, 42.266846, 34.179688, 19.836426, 16.937256, 1.525879, 0.580357, 0.636417, 0.002603, 0.002339, 0.000000
28780.000000, 1.831055, 3.662109, 4.730225, 18.768311, 34.179688, 42.419434, 34.332275, 19.836426, 16.937256, 1.525879, 0.577778, 0.634207, 0.002579, 0.002210, 0.000000
28962.000000, 1.831055, 3.662109, 4.730225, 18.768311, 34.332275, 42.572021, 34.332275, 19.836426, 17.089844, 1.525879, 0.577778, 0.632217, 0.000000, 0.001990, 0.000000
29145.000000, 1.983643, 3.662109, 4.730225, 18.615723, 34.179688, 42.572021, 34.484863, 19.836426, 17.089844, 1.525879, 0.575221, 0.630077, 0.002557, 0.002139, 0.000000
29326.000000, 1.983643, 3.662109, 4.730225, 18.615723, 34.332275, 42.572021, 34.637451, 19.836426, 16.937256, 1.525879, 0.572687, 0.628086, 0.002534, 0.001991, 0.000000
29508.000000, 1.831055, 3.662109, 4.730225, 18.615723, 34.484863, 42.877197, 34.790039, 19.989014, 16.937256, 1.831055, 0.574561, 0.626177, -0.001874, 0.001909, 0.000000
29691.000000, 1.831055, 3.662109, 4.577637, 18.615723, 34.332275, 43.029785, 34.942627, 19.989014, 17.089844, 1.525879, 0.572052, 0.623751, 0.002509, 0.002426, 0.000000
29874.000000, 1.983643, 3.662109, 4.730225, 18.768311, 34.484863, 43.029785, 35.247803, 20.141602, 17.089844, 1.525879, 0.571429, 0.622253, 0.000624, 0.001499, 0.000000
RXN DONE
Calculated Distance: 26.25
TIMETORUN: 46404.69
30116.000000, 1.983643, 3.814697, 4.730225, 18.920898, 34.790039, 43.792725, 35.400391, 20.294189, 17.089844, 1.831055, 0.573276, 0.620313, -0.001847, 0.001940, 0.000000
30298.000000, 1.983643, 3.662109, 4.730225, 18.768311, 34.790039, 43.945313, 35.400391, 20.294189, 17.089844, 1.525879, 0.573276, 0.618877, 0.000000, 0.001437, 0.000000
30480.000000, 1.983643, 3.662109, 4.730225, 18.768311, 34.637451, 43.792725, 35.400391, 20.294189, 17.242432, 1.525879, 0.573276, 0.617407, 0.000000, 0.001470, 0.000000
30662.000000, 1.983643, 3.662109, 4.577637, 18.615723, 34.637451, 43.792725, 35.552979, 20.294189, 17.242432, 1.525879, 0.570815, 0.615899, 0.002460, 0.001508, 0.000000
30843.000000, 1.983643, 3.662109, 4.577637, 18.615723, 34.637451, 43.945313, 35.552979, 20.294189, 17.395020, 1.525879, 0.570815, 0.614392, 0.000000, 0.001507, 0.000000
31026.000000, 1.983643, 3.662109, 4.730225, 18.615723, 34.484863, 44.097900, 35.400391, 20.446777, 17.395020, 1.525879, 0.577586, 0.612989, -0.006771, 0.001403, 0.000000
31207.000000, 1.983643, 3.662109, 4.577637, 18.768311, 34.484863, 44.250488, 35.247803, 20.446777, 17.242432, 1.525879, 0.580087, 0.611529, -0.002500, 0.001460, 0.000000
31390.000000, 1.983643, 3.662109, 4.730225, 18.615723, 34.637451, 44.250488, 34.942627, 20.446777, 17.395020, 1.525879, 0.585153, 0.610149, -0.005066, 0.001380, 0.000000
31574.000000, 1.983643, 3.662109, 4.577637, 18.768311, 34.332275, 44.403076, 35.552979, 20.446777, 17.547607, 1.525879, 0.575107, 0.608771, 0.010046, 0.001378, 0.000000
31755.000000, 1.983643, 3.662109, 4.577637, 18.768311, 34.637451, 44.555664, 36.163330, 20.446777, 17.547607, 1.525879, 0.565401, 0.607245, 0.009706, 0.001527, 0.000000
31937.000000, 1.983643, 3.662109, 4.577637, 18.615723, 34.942627, 44.403076, 36.010742, 20.446777, 17.700195, 1.525879, 0.567797, 0.605724, -0.002396, 0.001521, 0.000000
32120.000000, 1.983643, 3.662109, 4.730225, 18.615723, 34.790039, 44.403076, 36.163330, 20.446777, 17.700195, 1.525879, 0.565401, 0.604289, 0.002396, 0.001435, 0.000000
32302.000000, 1.983643, 3.662109, 4.577637, 18.463135, 34.790039, 44.250488, 36.010742, 20.294189, 17.547607, 1.831055, 0.563559, 0.602917, 0.001842, 0.001371, 0.000000
32484.000000, 1.983643, 3.662109, 4.577637, 18.310547, 34.790039, 44.250488, 36.010742, 20.294189, 17.547607, 1.525879, 0.563559, 0.601483, 0.000000, 0.001435, 0.000000
32666.000000, 1.983643, 3.662109, 4.577637, 18.463135, 34.942627, 44.403076, 36.315918, 20.446777, 17.700195, 1.525879, 0.563025, 0.600065, 0.000534, 0.001418, 0.000000
32847.000000, 1.983643, 3.662109, 4.577637, 18.615723, 35.400391, 44.860840, 36.621094, 20.599365, 17.852783, 1.525879, 0.562500, 0.598693, 0.000525, 0.001372, 0.000000
33029.000000, 1.983643, 3.662109, 4.577637, 18.768311, 35.095215, 44.708252, 36.773682, 20.599365, 17.700195, 1.525879, 0.560166, 0.597315, 0.002334, 0.001378, 0.000000
33209.000000, 1.983643, 3.662109, 4.577637, 18.463135, 34.790039, 44.708252, 36.315918, 20.446777, 17.700195, 1.831055, 0.563025, 0.595779, -0.002859, 0.001536, 0.000000
33392.000000, 1.983643, 3.662109, 4.577637, 18.157959, 34.637451, 44.555664, 36.315918, 20.446777, 17.547607, 1.525879, 0.563025, 0.594389, 0.000000, 0.001391, 0.000000
33573.000000, 1.983643, 3.662109, 4.577637, 18.463135, 34.942627, 45.013428, 36.468506, 20.599365, 17.395020, 1.525879, 0.564854, 0.593088, -0.001828, 0.001301, 0.000000
33757.000000, 1.983643, 3.662109, 4.730225, 18.615723, 34.942627, 45.013428, 36.773682, 20.599365, 17.547607, 1.525879, 0.560166, 0.591657, 0.004688, 0.001431, 0.000000
33939.000000, 1.983643, 3.662109, 4.577637, 18.463135, 35.400391, 45.318604, 36.621094, 20.599365, 17.700195, 1.525879, 0.562500, 0.590377, -0.002334, 0.001280, 0.000000
34121.000000, 1.983643, 3.662109, 4.730225, 18.615723, 35.247803, 45.318604, 36.773682, 20.751953, 17.700195, 1.525879, 0.564315, 0.589150, -0.001815, 0.001227, 0.000000
34304.000000, 1.983643, 3.662109, 4.577637, 18.463135, 35.247803, 45.166016, 36.773682, 20.751953, 17.852783, 1.831055, 0.564315, 0.587917, 0.000000, 0.001233, 0.000000
34485.000000, 1.983643, 3.662109, 4.577637, 18.463135, 34.942627, 45.166016, 36.773682, 20.599365, 17.852783, 1.525879, 0.560166, 0.586805, 0.004149, 0.001112, 0.000000
34667.000000, 1.983643, 3.662109, 4.577637, 18.310547, 34.942627, 45.166016, 36.773682, 20.599365, 17.852783, 1.525879, 0.560166, 0.585868, 0.000000, 0.000937, 0.000000
34847.000000, 1.983643, 3.662109, 4.577637, 18.310547, 34.942627, 45.318604, 36.773682, 20.599365, 17.700195, 1.525879, 0.560166, 0.584951, 0.000000, 0.000917, 0.000000
35030.000000, 1.983643, 3.662109, 4.577637, 18.463135, 35.095215, 45.471191, 36.926270, 20.751953, 17.700195, 1.525879, 0.561983, 0.584012, -0.001817, 0.000939, 0.000000
35210.000000, 1.983643, 3.662109, 4.577637, 18.463135, 35.247803, 45.623779, 37.078857, 20.751953, 17.700195, 1.525879, 0.559671, 0.583136, 0.002313, 0.000876, 0.000000
35390.000000, 1.983643, 3.662109, 4.577637, 18.615723, 35.247803, 45.928955, 37.231445, 20.904541, 17.700195, 1.525879, 0.561475, 0.582307, -0.001805, 0.000829, 0.000000
35573.000000, 1.983643, 3.662109, 4.577637, 18.615723, 35.400391, 45.928955, 37.078857, 20.904541, 17.852783, 1.831055, 0.563786, 0.581306, -0.002311, 0.001001, 0.000000
35756.000000, 1.983643, 3.662109, 4.577637, 18.615723, 35.552979, 46.081543, 37.078857, 20.904541, 18.005371, 1.831055, 0.563786, 0.580334, 0.000000, 0.000972, 0.000000
35938.000000, 1.983643, 3.662109, 4.730225, 18.615723, 35.552979, 46.081543, 37.231445, 20.904541, 18.005371, 1.831055, 0.561475, 0.579456, 0.002311, 0.000878, 0.000000
36118.000000, 1.983643, 3.662109, 4.730225, 18.615723, 35.552979, 46.081543, 37.384033, 20.904541, 18.005371, 1.831055, 0.559184, 0.578639, 0.002292, 0.000816, 0.000000
36371.000000, 1.983643, 3.662109, 4.577637, 18.615723, 35.552979, 45.928955, 37.384033, 20.904541, 18.005371, 1.831055, 0.559184, 0.577793, 0.000000, 0.000847, 0.000000
36552.000000, 1.983643, 3.662109, 4.577637, 18.615723, 35.705566, 46.234131, 37.536621, 20.904541, 18.005371, 1.831055, 0.556911, 0.577023, 0.002273, 0.000770, 0.000000
36734.000000, 1.983643, 3.814697, 4.730225, 18.615723, 35.552979, 46.386719, 37.536621, 21.057129, 18.005371, 1.831055, 0.560976, 0.576302, -0.004065, 0.000721, 0.000000
36914.000000, 1.983643, 3.814697, 4.730225, 18.768311, 35.705566, 46.691895, 37.689209, 21.057129, 18.005371, 1.525879, 0.558704, 0.575637, 0.002271, 0.000665, 0.000000
37096.000000, 1.983643, 3.814697, 4.730225, 18.768311, 35.858154, 46.539307, 37.689209, 21.209717, 18.005371, 1.831055, 0.562753, 0.575123, -0.004049, 0.000514, 0.000000
37278.000000, 1.983643, 3.814697, 4.577637, 18.768311, 35.705566, 46.844482, 37.689209, 21.209717, 18.005371, 1.525879, 0.562753, 0.574490, 0.000000, 0.000632, 0.000000
37461.000000, 1.983643, 3.814697, 4.577637, 18.768311, 35.552979, 46.844482, 37.689209, 21.209717, 18.005371, 1.831055, 0.562753, 0.573917, 0.000000, 0.000573, 0.000000
37643.000000, 1.983643, 3.814697, 4.577637, 18.615723, 35.552979, 46.844482, 37.536621, 21.209717, 18.005371, 1.525879, 0.565041, 0.573306, -0.002288, 0.000611, 0.000000
37824.000000, 1.983643, 3.662109, 4.577637, 18.615723, 35.552979, 46.844482, 37.536621, 21.209717, 18.005371, 1.525879, 0.565041, 0.572739, 0.000000, 0.000567, 0.000000
38006.000000, 1.983643, 3.814697, 4.577637, 18.768311, 35.552979, 46.691895, 37.536621, 21.057129, 18.157959, 1.831055, 0.560976, 0.572081, 0.004065, 0.000658, 0.000000
38188.000000, 1.983643, 3.662109, 4.730225, 18.768311, 35.705566, 46.844482, 37.689209, 21.209717, 18.157959, 1.831055, 0.562753, 0.571406, -0.001777, 0.000675, 0.000000
38371.000000, 1.983643, 3.814697, 4.577637, 18.768311, 35.858154, 46.844482, 37.841797, 21.209717, 18.157959, 1.831055, 0.560484, 0.570667, 0.002269, 0.000739, 0.000000
38553.000000, 1.983643, 3.814697, 4.577637, 18.615723, 35.705566, 46.997070, 37.841797, 21.209717, 18.157959, 1.831055, 0.560484, 0.570045, 0.000000, 0.000622, 0.000000
38734.000000, 1.983643, 3.814697, 4.730225, 18.768311, 35.858154, 46.691895, 37.841797, 21.209717, 18.157959, 1.831055, 0.560484, 0.569394, 0.000000, 0.000651, 0.000000
38914.000000, 1.983643, 3.814697, 4.730225, 18.615723, 35.705566, 46.997070, 37.994385, 21.209717, 18.157959, 1.831055, 0.558233, 0.568794, 0.002251, 0.000600, 0.000000
39096.000000, 1.983643, 3.814697, 4.577637, 18.615723, 35.858154, 46.997070, 37.841797, 21.209717, 18.157959, 1.831055, 0.560484, 0.568228, -0.002251, 0.000565, 0.000000
39279.000000, 1.983643, 3.814697, 4.730225, 18.615723, 35.858154, 46.844482, 37.841797, 21.209717, 18.157959, 1.831055, 0.560484, 0.567734, 0.000000, 0.000494, 0.000000
39460.000000, 1.983643, 3.662109, 4.730225, 18.615723, 35.858154, 46.844482, 37.994385, 21.057129, 18.005371, 1.831055, 0.554217, 0.567228, 0.006267, 0.000507, 0.000000
39641.000000, 1.983643, 3.662109, 4.577637, 18.615723, 35.705566, 46.844482, 37.841797, 21.057129, 18.005371, 1.831055, 0.556452, 0.566685, -0.002235, 0.000543, 0.000000
39823.000000, 1.983643, 3.662109, 4.577637, 18.615723, 35.705566, 46.691895, 37.689209, 21.057129, 18.157959, 1.831055, 0.558704, 0.566259, -0.002253, 0.000426, 0.000000
40006.000000, 1.983643, 3.662109, 4.577637, 18.615723, 35.552979, 46.691895, 37.689209, 20.904541, 18.157959, 1.831055, 0.554656, 0.565812, 0.004049, 0.000447, 0.000000
40187.000000, 1.983643, 3.814697, 4.577637, 18.615723, 35.705566, 46.539307, 37.689209, 21.057129, 18.157959, 1.831055, 0.558704, 0.565399, -0.004049, 0.000414, 0.000000
40369.000000, 1.983643, 3.814697, 4.730225, 18.615723, 35.858154, 46.844482, 37.994385, 21.057129, 18.157959, 1.831055, 0.554217, 0.564956, 0.004488, 0.000442, 0.000000
40550.000000, 1.983643, 3.814697, 4.730225, 18.615723, 35.858154, 46.844482, 38.146973, 21.057129, 18.157959, 1.831055, 0.552000, 0.564520, 0.002217, 0.000436, 0.000000
40804.000000, 1.983643, 3.814697, 4.730225, 18.615723, 36.010742, 46.997070, 38.146973, 21.057129, 18.310547, 1.831055, 0.552000, 0.564124, 0.000000, 0.000397, 0.000000
40986.000000, 1.983643, 3.814697, 4.730225, 18.615723, 36.010742, 46.844482, 38.146973, 21.209717, 18.310547, 1.831055, 0.556000, 0.563789, -0.004000, 0.000335, 0.000000
41169.000000, 1.983643, 3.814697, 4.730225, 18.768311, 36.010742, 47.149658, 38.146973, 21.209717, 18.310547, 1.831055, 0.556000, 0.563493, 0.000000, 0.000296, 0.000000
41494.000000, 1.983643, 3.814697, 4.730225, 18.615723, 36.010742, 46.997070, 38.146973, 21.209717, 18.310547, 1.831055, 0.556000, 0.563236, 0.000000, 0.000257, 0.000000
41673.000000, 1.983643, 3.814697, 4.730225, 18.615723, 35.858154, 47.149658, 37.994385, 21.057129, 18.310547, 1.831055, 0.554217, 0.562923, 0.001783, 0.000313, 0.000000
41856.000000, 1.983643, 3.814697, 4.730225, 18.615723, 35.858154, 46.997070, 37.994385, 21.057129, 18.310547, 1.831055, 0.554217, 0.562649, 0.000000, 0.000274, 0.000000
42036.000000, 1.983643, 3.814697, 4.730225, 18.615723, 35.705566, 46.997070, 37.994385, 21.057129, 18.310547, 1.831055, 0.554217, 0.562384, 0.000000, 0.000265, 0.000000
42216.000000, 1.983643, 3.814697, 4.577637, 18.615723, 35.705566, 46.844482, 37.841797, 21.057129, 18.310547, 1.831055, 0.556452, 0.562125, -0.002235, 0.000259, 0.000000
42399.000000, 1.983643, 3.814697, 4.730225, 18.615723, 35.705566, 46.997070, 37.841797, 21.057129, 18.310547, 1.831055, 0.556452, 0.561866, 0.000000, 0.000259, 0.000000
42580.000000, 1.983643, 3.814697, 4.577637, 18.615723, 35.705566, 46.997070, 37.841797, 21.057129, 18.310547, 1.831055, 0.556452, 0.561608, 0.000000, 0.000259, 0.000000
42762.000000, 1.983643, 3.814697, 4.577637, 18.615723, 35.705566, 46.844482, 37.841797, 21.057129, 18.310547, 1.831055, 0.556452, 0.561387, 0.000000, 0.000221, 0.000000
42943.000000, 1.983643, 3.814697, 4.730225, 18.615723, 35.705566, 46.997070, 37.841797, 21.057129, 18.310547, 1.831055, 0.556452, 0.561166, 0.000000, 0.000221, 0.000000
43125.000000, 1.983643, 3.814697, 4.577637, 18.615723, 35.705566, 46.844482, 37.841797, 21.057129, 18.157959, 1.831055, 0.556452, 0.560841, 0.000000, 0.000325, 0.000000
43306.000000, 1.983643, 3.814697, 4.730225, 18.615723, 35.858154, 46.844482, 37.841797, 21.057129, 18.310547, 1.831055, 0.556452, 0.560477, 0.000000, 0.000364, 0.000000
43486.000000, 1.983643, 3.814697, 4.577637, 18.463135, 35.858154, 46.997070, 37.841797, 21.057129, 18.157959, 1.831055, 0.556452, 0.560035, 0.000000, 0.000442, 0.000000
43667.000000, 1.983643, 3.814697, 4.577637, 18.615723, 35.705566, 46.844482, 37.841797, 21.057129, 18.157959, 1.831055, 0.556452, 0.559748, 0.000000, 0.000287, 0.000000
43848.000000, 1.983643, 3.814697, 4.577637, 18.615723, 35.705566, 46.691895, 37.841797, 21.057129, 18.005371, 1.831055, 0.556452, 0.559611, 0.000000, 0.000138, 0.000000
44031.000000, 1.983643, 3.814697, 4.577637, 18.615723, 35.705566, 46.844482, 38.146973, 21.057129, 18.157959, 1.525879, 0.552000, 0.559368, 0.004452, 0.000243, 0.000000
44213.000000, 1.983643, 3.814697, 4.730225, 18.615723, 35.858154, 46.844482, 37.994385, 21.057129, 18.157959, 1.831055, 0.554217, 0.559196, -0.002217, 0.000172, 0.000000
44468.000000, 1.983643, 3.814697, 4.730225, 18.615723, 35.858154, 46.997070, 37.994385, 21.057129, 18.157959, 1.831055, 0.554217, 0.559052, 0.000000, 0.000144, 0.000000
44648.000000, 1.831055, 3.814697, 4.730225, 18.463135, 35.858154, 46.844482, 37.994385, 21.057129, 18.157959, 1.831055, 0.554217, 0.558908, 0.000000, 0.000144, 0.000000
44830.000000, 1.983643, 3.814697, 4.730225, 18.615723, 35.858154, 46.844482, 37.841797, 20.904541, 18.157959, 1.831055, 0.552419, 0.558745, 0.001797, 0.000163, 0.000000
45013.000000, 1.983643, 3.814697, 4.882813, 18.615723, 35.858154, 46.844482, 37.841797, 21.057129, 18.310547, 1.831055, 0.556452, 0.558652, -0.004032, 0.000093, 0.000000
45194.000000, 1.983643, 3.814697, 4.730225, 18.463135, 35.705566, 46.844482, 37.994385, 20.904541, 18.157959, 1.831055, 0.550201, 0.558499, 0.006251, 0.000153, 0.000000
45376.000000, 1.983643, 3.814697, 4.730225, 18.463135, 35.705566, 46.844482, 37.841797, 20.904541, 18.310547, 1.831055, 0.552419, 0.558335, -0.002219, 0.000163, 0.000000
45557.000000, 1.983643, 3.814697, 4.730225, 18.615723, 35.705566, 46.691895, 37.841797, 21.057129, 18.310547, 1.831055, 0.556452, 0.558234, -0.004032, 0.000101, 0.000000
45739.000000, 1.983643, 3.814697, 4.730225, 18.615723, 35.705566, 46.844482, 37.841797, 20.904541, 18.310547, 1.831055, 0.552419, 0.558043, 0.004032, 0.000191, 0.000000
45921.000000, 1.983643, 3.814697, 4.730225, 18.615723, 35.705566, 46.691895, 37.841797, 20.904541, 18.310547, 1.831055, 0.552419, 0.557924, 0.000000, 0.000119, 0.000000
46103.000000, 1.983643, 3.814697, 4.730225, 18.615723, 35.705566, 46.844482, 37.994385, 20.904541, 18.310547, 1.831055, 0.550201, 0.557735, 0.002219, 0.000189, 0.000000
46284.000000, 1.983643, 3.814697, 4.730225, 18.615723, 35.858154, 46.997070, 37.841797, 21.057129, 18.310547, 1.831055, 0.556452, 0.557614, -0.006251, 0.000121, 0.000000
46467.000000, 1.983643, 3.814697, 4.730225, 18.615723, 35.858154, 46.844482, 37.841797, 21.057129, 18.310547, 1.831055, 0.556452, 0.557493, 0.000000, 0.000121, 0.000000
46648.000000, 1.983643, 3.814697, 4.882813, 18.615723, 35.858154, 46.997070, 37.841797, 21.057129, 18.310547, 1.831055, 0.556452, 0.557436, 0.000000, 0.000057, 0.000000
46828.000000, 1.983643, 3.814697, 4.730225, 18.615723, 36.010742, 47.149658, 37.994385, 21.057129, 18.310547, 1.831055, 0.554217, 0.557344, 0.002235, 0.000092, 0.000000
47009.000000, 1.983643, 3.814697, 4.730225, 18.768311, 35.858154, 46.997070, 37.994385, 21.057129, 18.310547, 1.831055, 0.554217, 0.557252, 0.000000, 0.000092, 0.000000
47191.000000, 1.983643, 3.814697, 4.730225, 18.768311, 36.010742, 46.997070, 37.994385, 21.057129, 18.463135, 1.831055, 0.554217, 0.557133, 0.000000, 0.000119, 0.000000
47372.000000, 1.983643, 3.814697, 4.730225, 18.768311, 36.010742, 46.997070, 38.146973, 21.057129, 18.310547, 1.831055, 0.552000, 0.557015, 0.002217, 0.000118, 0.000000
47552.000000, 1.983643, 3.814697, 4.730225, 18.768311, 36.163330, 47.149658, 37.994385, 21.057129, 18.310547, 1.831055, 0.554217, 0.556903, -0.002217, 0.000112, 0.000000
47806.000000, 1.983643, 3.814697, 4.730225, 18.768311, 36.010742, 47.302246, 37.994385, 21.057129, 18.310547, 1.831055, 0.554217, 0.556756, 0.000000, 0.000147, 0.000000
47988.000000, 1.983643, 3.967285, 4.882813, 18.768311, 36.163330, 47.302246, 38.146973, 21.057129, 18.310547, 1.831055, 0.552000, 0.556575, 0.002217, 0.000181, 0.000000
48170.000000, 1.983643, 3.967285, 4.730225, 18.768311, 36.163330, 47.302246, 38.146973, 21.057129, 18.463135, 1.831055, 0.552000, 0.556429, 0.000000, 0.000146, 0.000000
48350.000000, 1.983643, 3.967285, 4.730225, 18.768311, 36.163330, 47.302246, 38.146973, 21.057129, 18.310547, 1.831055, 0.552000, 0.556318, 0.000000, 0.000111, 0.000000
48532.000000, 1.983643, 3.967285, 4.730225, 18.768311, 36.163330, 47.302246, 38.146973, 21.209717, 18.463135, 1.831055, 0.556000, 0.556269, -0.004000, 0.000049, 0.000000
48715.000000, 1.983643, 3.967285, 4.730225, 18.768311, 36.315918, 47.302246, 38.146973, 21.057129, 18.310547, 1.831055, 0.552000, 0.556194, 0.004000, 0.000076, 0.000000
48898.000000, 1.983643, 3.967285, 4.730225, 18.768311, 36.163330, 47.149658, 38.146973, 21.057129, 18.310547, 1.831055, 0.552000, 0.556056, 0.000000, 0.000138, 0.000000
49079.000000, 1.983643, 3.967285, 4.730225, 18.920898, 36.163330, 47.149658, 38.146973, 21.057129, 18.310547, 1.831055, 0.552000, 0.555953, 0.000000, 0.000103, 0.000000
49259.000000, 1.983643, 3.967285, 4.730225, 18.920898, 36.163330, 47.302246, 38.146973, 21.057129, 18.310547, 1.831055, 0.552000, 0.555787, 0.000000, 0.000165, 0.000000
49440.000000, 1.983643, 3.967285, 4.730225, 18.768311, 36.315918, 47.302246, 38.146973, 21.057129, 18.310547, 1.831055, 0.552000, 0.555622, 0.000000, 0.000165, 0.000000
49694.000000, 1.983643, 3.967285, 4.730225, 18.768311, 36.315918, 47.149658, 38.146973, 21.057129, 18.310547, 1.831055, 0.552000, 0.555456, 0.000000, 0.000165, 0.000000
49875.000000, 1.983643, 3.967285, 4.730225, 18.768311, 36.315918, 47.302246, 38.146973, 21.057129, 18.310547, 1.831055, 0.552000, 0.555256, 0.000000, 0.000201, 0.000000
50057.000000, 1.983643, 3.967285, 4.730225, 18.920898, 36.468506, 47.302246, 38.146973, 21.057129, 18.310547, 1.831055, 0.552000, 0.555055, 0.000000, 0.000201, 0.000000
50239.000000, 1.983643, 3.967285, 4.730225, 18.920898, 36.468506, 47.454834, 38.146973, 21.057129, 18.310547, 1.831055, 0.552000, 0.554917, 0.000000, 0.000138, 0.000000
50420.000000, 2.136230, 3.967285, 4.730225, 18.920898, 36.468506, 47.302246, 38.299561, 21.057129, 18.310547, 1.831055, 0.549801, 0.554718, 0.002199, 0.000199, 0.000000
50603.000000, 1.983643, 3.967285, 4.730225, 18.920898, 36.468506, 47.454834, 38.299561, 21.057129, 18.310547, 1.831055, 0.549801, 0.554553, 0.000000, 0.000164, 0.000000
50785.000000, 1.983643, 3.967285, 4.882813, 18.920898, 36.468506, 47.454834, 38.299561, 21.057129, 18.310547, 1.831055, 0.549801, 0.554389, 0.000000, 0.000164, 0.000000
50966.000000, 1.983643, 3.967285, 4.730225, 18.920898, 36.468506, 47.454834, 38.299561, 21.057129, 18.310547, 1.831055, 0.549801, 0.554225, 0.000000, 0.000164, 0.000000
51148.000000, 1.983643, 3.967285, 4.882813, 19.073486, 36.468506, 47.454834, 38.299561, 21.057129, 18.310547, 1.831055, 0.549801, 0.554095, 0.000000, 0.000130, 0.000000
51331.000000, 1.983643, 3.967285, 4.882813, 19.073486, 36.621094, 47.454834, 38.452148, 21.057129, 18.310547, 1.831055, 0.547619, 0.553897, 0.002182, 0.000198, 0.000000
51511.000000, 1.983643, 3.967285, 4.730225, 19.073486, 36.468506, 47.607422, 38.299561, 21.057129, 18.310547, 1.831055, 0.549801, 0.553733, -0.002182, 0.000164, 0.000000
51694.000000, 1.983643, 3.967285, 4.882813, 18.920898, 36.468506, 47.454834, 38.146973, 21.057129, 18.310547, 1.831055, 0.552000, 0.553699, -0.002199, 0.000034, 0.000000
51876.000000, 1.983643, 3.967285, 4.730225, 19.073486, 36.315918, 47.607422, 38.146973, 21.057129, 18.310547, 1.831055, 0.552000, 0.553630, 0.000000, 0.000068, 0.000000
52059.000000, 1.983643, 3.967285, 4.882813, 19.073486, 36.315918, 47.454834, 38.146973, 21.057129, 18.463135, 1.831055, 0.552000, 0.553527, 0.000000, 0.000103, 0.000000
52239.000000, 1.983643, 3.967285, 4.730225, 19.073486, 36.468506, 47.454834, 38.299561, 21.209717, 18.310547, 1.831055, 0.553785, 0.553514, -0.001785, 0.000013, 0.000000
52422.000000, 1.983643, 3.967285, 4.882813, 19.073486, 36.468506, 47.454834, 38.299561, 21.057129, 18.310547, 1.831055, 0.549801, 0.553377, 0.003984, 0.000137, 0.000000
52604.000000, 1.983643, 3.967285, 4.882813, 19.073486, 36.468506, 47.607422, 38.299561, 21.057129, 18.310547, 1.831055, 0.549801, 0.553309, 0.000000, 0.000068, 0.000000
52785.000000, 1.983643, 3.967285, 4.882813, 18.920898, 36.468506, 47.454834, 38.299561, 21.057129, 18.310547, 1.831055, 0.549801, 0.553275, 0.000000, 0.000034, 0.000000
52966.000000, 1.983643, 3.967285, 4.882813, 19.073486, 36.468506, 47.302246, 38.146973, 21.057129, 18.310547, 1.831055, 0.552000, 0.553275, -0.002199, 0.000000, 0.000000
53149.000000, 1.983643, 3.967285, 4.882813, 18.920898, 36.468506, 47.302246, 38.146973, 21.057129, 18.463135, 1.831055, 0.552000, 0.553213, 0.000000, 0.000062, 0.000000
53402.000000, 1.983643, 4.119873, 4.882813, 18.920898, 36.315918, 47.302246, 38.146973, 21.057129, 18.310547, 1.831055, 0.552000, 0.553152, 0.000000, 0.000062, 0.000000
53582.000000, 1.983643, 3.967285, 4.882813, 18.920898, 36.315918, 47.302246, 37.994385, 21.057129, 18.310547, 1.831055, 0.554217, 0.553124, -0.002217, 0.000027, 0.000000
53909.000000, 1.983643, 3.967285, 4.882813, 18.920898, 36.163330, 47.302246, 37.994385, 21.057129, 18.310547, 1.831055, 0.554217, 0.553124, 0.000000, 0.000000, 0.000000
54089.000000, 1.983643, 3.967285, 4.730225, 18.920898, 36.315918, 47.302246, 37.994385, 20.904541, 18.310547, 1.831055, 0.550201, 0.553062, 0.004016, 0.000062, 0.000000
54271.000000, 1.983643, 4.119873, 4.730225, 19.073486, 36.163330, 47.149658, 37.841797, 20.904541, 18.310547, 1.831055, 0.552419, 0.553035, -0.002219, 0.000028, 0.000000
54453.000000, 1.983643, 4.119873, 4.882813, 18.920898, 36.163330, 47.302246, 37.994385, 20.904541, 18.463135, 1.831055, 0.550201, 0.552939, 0.002219, 0.000096, 0.000000
54634.000000, 1.983643, 4.119873, 4.882813, 18.920898, 36.315918, 47.149658, 37.841797, 20.904541, 18.463135, 1.831055, 0.552419, 0.552877, -0.002219, 0.000062, 0.000000
54816.000000, 1.983643, 3.967285, 4.730225, 18.920898, 36.315918, 47.302246, 37.841797, 20.904541, 18.463135, 1.831055, 0.552419, 0.552815, 0.000000, 0.000062, 0.000000
54997.000000, 1.983643, 3.967285, 4.882813, 18.920898, 36.315918, 47.302246, 37.841797, 20.904541, 18.463135, 1.831055, 0.552419, 0.552752, 0.000000, 0.000062, 0.000000
55179.000000, 1.983643, 4.119873, 4.882813, 18.920898, 36.315918, 47.302246, 37.841797, 20.904541, 18.463135, 1.831055, 0.552419, 0.552691, 0.000000, 0.000062, 0.000000
55359.000000, 1.983643, 4.119873, 4.882813, 18.920898, 36.315918, 47.302246, 37.994385, 20.904541, 18.463135, 1.831055, 0.550201, 0.552594, 0.002219, 0.000096, 0.000000
55541.000000, 1.983643, 4.119873, 4.882813, 18.920898, 36.468506, 47.149658, 37.994385, 20.904541, 18.463135, 1.831055, 0.550201, 0.552498, 0.000000, 0.000096, 0.000000
55724.000000, 1.983643, 4.119873, 5.035400, 19.073486, 36.315918, 47.302246, 38.146973, 20.904541, 18.310547, 1.831055, 0.548000, 0.552368, 0.002201, 0.000130, 0.000000
55905.000000, 1.983643, 4.119873, 4.882813, 19.073486, 36.468506, 47.149658, 37.994385, 20.904541, 18.463135, 1.831055, 0.550201, 0.552272, -0.002201, 0.000096, 0.000000
56087.000000, 1.831055, 4.119873, 4.882813, 19.073486, 36.315918, 47.149658, 37.994385, 20.904541, 18.463135, 1.831055, 0.550201, 0.552176, 0.000000, 0.000096, 0.000000
56268.000000, 1.983643, 4.119873, 4.882813, 19.073486, 36.315918, 47.149658, 37.994385, 20.904541, 18.463135, 1.831055, 0.550201, 0.552148, 0.000000, 0.000028, 0.000000
56451.000000, 1.983643, 4.119873, 4.882813, 19.073486, 36.315918, 47.149658, 37.841797, 20.904541, 18.463135, 1.831055, 0.552419, 0.552120, -0.002219, 0.000028, 0.000000
56634.000000, 1.983643, 4.119873, 4.882813, 19.073486, 36.468506, 47.149658, 37.994385, 20.904541, 18.463135, 1.831055, 0.550201, 0.552059, 0.002219, 0.000062, 0.000000
56812.000000, 1.983643, 4.119873, 4.882813, 19.073486, 36.315918, 47.149658, 37.994385, 20.904541, 18.463135, 1.831055, 0.550201, 0.551997, 0.000000, 0.000062, 0.000000
56994.000000, 1.983643, 4.119873, 4.882813, 19.073486, 36.468506, 47.149658, 37.994385, 20.904541, 18.310547, 1.831055, 0.550201, 0.551963, 0.000000, 0.000034, 0.000000
57177.000000, 1.983643, 4.119873, 4.882813, 19.073486, 36.468506, 47.454834, 37.994385, 20.904541, 18.463135, 1.831055, 0.550201, 0.551866, 0.000000, 0.000096, 0.000000
57358.000000, 1.983643, 4.119873, 4.882813, 19.073486, 36.468506, 47.302246, 37.994385, 20.904541, 18.463135, 1.831055, 0.550201, 0.551866, 0.000000, 0.000000, 0.000000
57613.000000, 1.983643, 4.119873, 4.882813, 19.073486, 36.468506, 47.454834, 37.994385, 20.904541, 18.463135, 1.831055, 0.550201, 0.551832, 0.000000, 0.000034, 0.000000
57795.000000, 1.983643, 4.119873, 4.882813, 19.073486, 36.315918, 47.454834, 37.994385, 20.904541, 18.463135, 1.831055, 0.550201, 0.551736, 0.000000, 0.000096, 0.000000
57973.000000, 1.983643, 4.119873, 4.882813, 19.073486, 36.468506, 47.454834, 37.994385, 20.904541, 18.463135, 1.831055, 0.550201, 0.551702, 0.000000, 0.000034, 0.000000
58153.000000, 1.983643, 4.119873, 4.882813, 19.073486, 36.468506, 47.454834, 37.841797, 20.904541, 18.463135, 1.831055, 0.552419, 0.551702, -0.002219, 0.000000, 0.000000
58334.000000, 1.983643, 4.119873, 4.882813, 19.073486, 36.468506, 47.302246, 37.841797, 20.904541, 18.463135, 1.831055, 0.552419, 0.551736, 0.000000, -0.000034, 0.000000
58517.000000, 1.983643, 4.119873, 5.035400, 19.073486, 36.468506, 47.454834, 37.841797, 20.904541, 18.463135, 1.831055, 0.552419, 0.551674, 0.000000, 0.000062, 0.000000
58699.000000, 1.983643, 4.119873, 4.882813, 19.073486, 36.468506, 47.302246, 37.841797, 20.751953, 18.463135, 1.831055, 0.548387, 0.551550, 0.004032, 0.000124, 0.000000
58881.000000, 1.983643, 4.119873, 5.035400, 19.073486, 36.468506, 47.302246, 37.689209, 20.904541, 18.463135, 1.831055, 0.554656, 0.551522, -0.006269, 0.000028, 0.000000
59064.000000, 2.136230, 4.119873, 4.882813, 19.073486, 36.468506, 47.302246, 37.994385, 20.904541, 18.463135, 1.831055, 0.550201, 0.551461, 0.004455, 0.000062, 0.000000
59246.000000, 1.983643, 4.119873, 4.882813, 19.226074, 36.468506, 47.454834, 37.841797, 20.904541, 18.463135, 1.831055, 0.552419, 0.551433, -0.002219, 0.000028, 0.000000
59571.000000, 1.983643, 4.119873, 4.882813, 19.226074, 36.468506, 47.454834, 37.994385, 20.904541, 18.463135, 1.831055, 0.550201, 0.551371, 0.002219, 0.000062, 0.000000
59753.000000, 1.983643, 4.272461, 4.882813, 19.226074, 36.468506, 47.454834, 37.994385, 20.904541, 18.310547, 1.831055, 0.550201, 0.551343, 0.000000, 0.000028, 0.000000
59933.000000, 1.983643, 4.119873, 4.882813, 19.226074, 36.468506, 47.454834, 37.994385, 20.904541, 18.463135, 1.831055, 0.550201, 0.551282, 0.000000, 0.000062, 0.000000
60113.000000, 2.136230, 4.272461, 4.882813, 19.226074, 36.468506, 47.454834, 37.841797, 20.904541, 18.463135, 1.831055, 0.552419, 0.551254, -0.002219, 0.000028, 0.000000
60295.000000, 1.983643, 4.272461, 4.882813, 19.226074, 36.468506, 47.454834, 37.841797, 20.904541, 18.463135, 1.831055, 0.552419, 0.551260, 0.000000, -0.000006, 0.000000
60478.000000, 1.983643, 4.272461, 4.882813, 19.378662, 36.621094, 47.454834, 37.841797, 20.904541, 18.463135, 1.831055, 0.552419, 0.551267, 0.000000, -0.000006, 0.000000
60661.000000, 1.983643, 4.272461, 4.882813, 19.226074, 36.621094, 47.454834, 37.841797, 20.904541, 18.463135, 1.831055, 0.552419, 0.551273, 0.000000, -0.000006, 0.000000
60844.000000, 2.136230, 4.272461, 4.882813, 19.378662, 36.621094, 47.607422, 37.994385, 20.904541, 18.463135, 1.831055, 0.550201, 0.551184, 0.002219, 0.000089, 0.000000
61023.000000, 2.136230, 4.272461, 4.882813, 19.378662, 36.773682, 47.607422, 37.994385, 21.057129, 18.463135, 1.831055, 0.554217, 0.551218, -0.004016, -0.000034, 0.000000
61205.000000, 2.136230, 4.272461, 4.882813, 19.378662, 36.773682, 47.607422, 37.994385, 20.904541, 18.463135, 1.831055, 0.550201, 0.551190, 0.004016, 0.000028, 0.000000
61387.000000, 1.983643, 4.272461, 4.882813, 19.378662, 36.773682, 47.607422, 37.994385, 21.057129, 18.463135, 1.831055, 0.554217, 0.551225, -0.004016, -0.000034, 0.000000
61572.000000, 1.983643, 4.272461, 4.882813, 19.378662, 36.773682, 47.607422, 37.994385, 20.904541, 18.463135, 1.831055, 0.550201, 0.551197, 0.004016, 0.000028, 0.000000
61753.000000, 2.136230, 4.272461, 4.882813, 19.378662, 36.773682, 47.607422, 37.994385, 21.057129, 18.463135, 1.831055, 0.554217, 0.551231, -0.004016, -0.000034, 0.000000
61936.000000, 2.136230, 4.272461, 5.035400, 19.378662, 36.773682, 47.607422, 37.994385, 20.904541, 18.463135, 1.831055, 0.550201, 0.551203, 0.004016, 0.000028, 0.000000
62117.000000, 1.983643, 4.272461, 5.035400, 19.378662, 36.773682, 47.607422, 37.994385, 20.904541, 18.463135, 1.831055, 0.550201, 0.551176, 0.000000, 0.000028, 0.000000
62299.000000, 2.136230, 4.272461, 5.035400, 19.378662, 36.926270, 47.607422, 37.994385, 20.904541, 18.463135, 1.831055, 0.550201, 0.551148, 0.000000, 0.000028, 0.000000
62479.000000, 2.136230, 4.272461, 4.882813, 19.378662, 36.773682, 47.607422, 38.146973, 20.904541, 18.463135, 1.831055, 0.548000, 0.551086, 0.002201, 0.000062, 0.000000
62661.000000, 2.136230, 4.272461, 4.882813, 19.378662, 36.773682, 47.607422, 37.994385, 20.904541, 18.463135, 1.831055, 0.550201, 0.551092, -0.002201, -0.000006, 0.000000
62843.000000, 2.136230, 4.272461, 5.035400, 19.378662, 36.926270, 47.607422, 37.994385, 20.904541, 18.463135, 1.831055, 0.550201, 0.551099, 0.000000, -0.000006, 0.000000
63026.000000, 2.136230, 4.272461, 4.882813, 19.378662, 36.773682, 47.760010, 37.994385, 20.904541, 18.463135, 1.831055, 0.550201, 0.551105, 0.000000, -0.000006, 0.000000
63209.000000, 1.983643, 4.272461, 5.035400, 19.378662, 36.926270, 47.607422, 37.994385, 20.904541, 18.463135, 1.831055, 0.550201, 0.551111, 0.000000, -0.000006, 0.000000
63390.000000, 2.136230, 4.272461, 5.035400, 19.378662, 36.773682, 47.607422, 37.994385, 20.904541, 18.463135, 1.831055, 0.550201, 0.551117, 0.000000, -0.000006, 0.000000
63646.000000, 2.136230, 4.272461, 5.035400, 19.378662, 36.773682, 47.607422, 37.841797, 20.904541, 18.463135, 1.831055, 0.552419, 0.551191, -0.002219, -0.000074, 0.000000
63903.000000, 2.136230, 4.272461, 4.882813, 19.378662, 36.773682, 47.607422, 37.841797, 20.904541, 18.463135, 1.831055, 0.552419, 0.551231, 0.000000, -0.000040, 0.000000
64087.000000, 2.136230, 4.272461, 5.035400, 19.378662, 36.773682, 47.607422, 37.841797, 20.904541, 18.463135, 1.831055, 0.552419, 0.551238, 0.000000, -0.000006, 0.000000
64269.000000, 2.136230, 4.272461, 5.035400, 19.531250, 36.773682, 47.760010, 37.841797, 20.904541, 18.463135, 1.831055, 0.552419, 0.551244, 0.000000, -0.000006, 0.000000
64452.000000, 2.136230, 4.272461, 5.035400, 19.378662, 36.773682, 47.607422, 37.841797, 20.904541, 18.463135, 1.831055, 0.552419, 0.551251, 0.000000, -0.000006, 0.000000
64635.000000, 2.136230, 4.272461, 5.035400, 19.531250, 36.773682, 47.607422, 37.841797, 20.904541, 18.463135, 1.831055, 0.552419, 0.551230, 0.000000, 0.000021, 0.000000
64817.000000, 2.136230, 4.272461, 5.035400, 19.378662, 36.773682, 47.454834, 37.841797, 20.904541, 18.463135, 1.831055, 0.552419, 0.551270, 0.000000, -0.000040, 0.000000
65000.000000, 2.136230, 4.272461, 5.035400, 19.378662, 36.926270, 47.454834, 37.841797, 20.751953, 18.463135, 1.831055, 0.548387, 0.551248, 0.004032, 0.000022, 0.000000
65182.000000, 2.136230, 4.272461, 5.187988, 19.378662, 36.773682, 47.454834, 37.841797, 20.751953, 18.463135, 1.831055, 0.548387, 0.551226, 0.000000, 0.000022, 0.000000
65364.000000, 2.136230, 4.272461, 5.035400, 19.378662, 36.773682, 47.454834, 37.841797, 20.751953, 18.463135, 1.831055, 0.548387, 0.551171, 0.000000, 0.000056, 0.000000
65546.000000, 2.136230, 4.425049, 5.035400, 19.378662, 36.926270, 47.607422, 37.841797, 20.751953, 18.463135, 1.831055, 0.548387, 0.551115, 0.000000, 0.000056, 0.000000
65727.000000, 2.136230, 4.272461, 5.035400, 19.378662, 36.926270, 47.607422, 37.841797, 20.751953, 18.463135, 1.831055, 0.548387, 0.551060, 0.000000, 0.000056, 0.000000
65908.000000, 2.136230, 4.272461, 5.035400, 19.378662, 36.773682, 47.607422, 37.841797, 20.751953, 18.463135, 1.831055, 0.548387, 0.550970, 0.000000, 0.000090, 0.000000
66090.000000, 2.136230, 4.425049, 5.035400, 19.378662, 36.773682, 47.454834, 37.841797, 20.751953, 18.463135, 1.831055, 0.548387, 0.550880, 0.000000, 0.000090, 0.000000
66270.000000, 1.983643, 4.425049, 5.035400, 19.378662, 36.773682, 47.607422, 37.841797, 20.751953, 18.463135, 1.831055, 0.548387, 0.550852, 0.000000, 0.000028, 0.000000
66452.000000, 2.136230, 4.425049, 5.035400, 19.378662, 36.773682, 47.607422, 37.841797, 20.751953, 18.463135, 1.831055, 0.548387, 0.550790, 0.000000, 0.000062, 0.000000
66634.000000, 2.136230, 4.425049, 5.035400, 19.531250, 36.926270, 47.607422, 37.841797, 20.751953, 18.463135, 1.831055, 0.548387, 0.550762, 0.000000, 0.000028, 0.000000
66816.000000, 2.136230, 4.425049, 5.035400, 19.531250, 36.773682, 47.454834, 37.841797, 20.904541, 18.310547, 1.831055, 0.552419, 0.550762, -0.004032, 0.000000, 0.000000
66999.000000, 2.136230, 4.425049, 5.035400, 19.531250, 36.773682, 47.607422, 37.994385, 20.751953, 18.463135, 1.831055, 0.546185, 0.550667, 0.006235, 0.000096, 0.000000
67179.000000, 2.136230, 4.425049, 5.035400, 19.531250, 36.926270, 47.760010, 37.689209, 20.751953, 18.463135, 1.831055, 0.550607, 0.550639, -0.004423, 0.000028, 0.000000
67361.000000, 2.136230, 4.425049, 5.035400, 19.531250, 36.926270, 47.760010, 37.841797, 20.904541, 18.310547, 1.831055, 0.552419, 0.550639, -0.001812, 0.000000, 0.000000
67544.000000, 1.983643, 4.425049, 5.035400, 19.531250, 36.926270, 47.607422, 37.841797, 20.904541, 18.310547, 1.831055, 0.552419, 0.550673, 0.000000, -0.000034, 0.000000
67727.000000, 2.136230, 4.425049, 5.035400, 19.531250, 36.926270, 47.607422, 37.841797, 20.751953, 18.463135, 1.831055, 0.548387, 0.550645, 0.004032, 0.000028, 0.000000
67909.000000, 2.136230, 4.425049, 5.035400, 19.531250, 36.926270, 47.607422, 37.841797, 20.904541, 18.463135, 1.831055, 0.552419, 0.550713, -0.004032, -0.000068, 0.000000
68092.000000, 2.136230, 4.425049, 5.035400, 19.531250, 36.926270, 47.607422, 37.841797, 20.751953, 18.463135, 1.831055, 0.548387, 0.550685, 0.004032, 0.000028, 0.000000
68274.000000, 2.136230, 4.425049, 5.035400, 19.531250, 36.926270, 47.760010, 37.689209, 20.751953, 18.463135, 1.831055, 0.550607, 0.550691, -0.002220, -0.000006, 0.000000
68457.000000, 2.136230, 4.425049, 5.035400, 19.531250, 36.926270, 47.607422, 37.689209, 20.751953, 18.463135, 1.831055, 0.550607, 0.550698, 0.000000, -0.000006, 0.000000
68786.000000, 2.136230, 4.425049, 5.035400, 19.531250, 36.926270, 47.454834, 37.841797, 20.751953, 18.463135, 1.831055, 0.548387, 0.550636, 0.002220, 0.000062, 0.000000
68966.000000, 2.136230, 4.425049, 5.035400, 19.531250, 36.926270, 47.607422, 37.841797, 20.751953, 18.463135, 1.831055, 0.548387, 0.550608, 0.000000, 0.000028, 0.000000
69148.000000, 2.136230, 4.425049, 5.035400, 19.683838, 36.926270, 47.607422, 37.841797, 20.751953, 18.463135, 1.831055, 0.548387, 0.550580, 0.000000, 0.000028, 0.000000
69328.000000, 2.136230, 4.425049, 5.035400, 19.531250, 36.926270, 47.607422, 37.689209, 20.751953, 18.310547, 1.831055, 0.550607, 0.550586, -0.002220, -0.000006, 0.000000
