26.550293, 37.994385, 1.831055, 0.753247, 0.834545, 0.011730, -0.004097, 0.000000
11337.000000, 3.509521, 9.460449, 12.247803, 26.550293, 37.994385, 1.831055, 0.753247, 0.834545, 0.011730, -0.004097, 0.000000
11337.000000, 3.509521, 9.460449, 12.247803, 26.550293, 37.994385, 1.831055, 0.753247, 0.834545, 0.011730, -0.004097, 0.000000
11337.000000, 3.509521, 9.460449, 12.Time, v, b, c, g, gy, y, o, r, cl, nir, Value, Average Value, Delta, Average Delta
156.000000, 3.509521, 9.613037, 12.054443, 40.283203, 43.029785, 39.215088, 40.283203, 27.923584, 34.942627, 1.831055, 0.693182, 0.693182, 0.000000, 0.000000, 0.000000
336.000000, 3.662109, 9.460449, 12.359619, 39.520264, 43.487549, 40.893555, 40.588379, 29.296875, 36.010742, 1.831055, 0.721804, 0.707493, -0.028623, -0.014311, 0.000000
518.000000, 3.356934, 8.392334, 11.596680, 34.942627, 41.809082, 37.536621, 39.062500, 27.313232, 34.942627, 1.831055, 0.699219, 0.704735, 0.022586, -0.002012, 0.000000
700.000000, 3.509521, 8.697510, 11.901855, 37.536621, 42.419434, 39.215088, 40.588379, 28.228760, 36.010742, 1.831055, 0.695489, 0.702423, 0.003730, -0.000577, 0.000000
882.000000, 3.356934, 8.392334, 11.444092, 35.552979, 42.877197, 38.909912, 40.588379, 27.465820, 35.552979, 1.831055, 0.676692, 0.697277, 0.018797, 0.003298, 0.000000
1061.000000, 3.509521, 8.239746, 11.749268, 35.247803, 43.792725, 38.757324, 40.893555, 28.076172, 36.468506, 2.136230, 0.686567, 0.695492, -0.009875, 0.001102, 0.000000
1244.000000, 3.356934, 7.934570, 11.138916, 34.484863, 40.740967, 37.994385, 40.283203, 27.618408, 34.790039, 2.136230, 0.685606, 0.694080, 0.000961, 0.001082, 0.000000
1426.000000, 3.356934, 7.934570, 11.291504, 34.637451, 42.114258, 38.146973, 41.503906, 27.465820, 35.552979, 1.831055, 0.661765, 0.690040, 0.023841, 0.003927, 0.000000
1606.000000, 3.509521, 7.629395, 11.291504, 32.653809, 41.809082, 37.689209, 40.740967, 27.313232, 34.790039, 1.831055, 0.670412, 0.687859, -0.008647, 0.002530, 0.000000
1789.000000, 3.509521, 8.087158, 11.444092, 34.637451, 42.877197, 39.672852, 43.792725, 29.449463, 36.010742, 2.136230, 0.672474, 0.686321, -0.002062, 0.002071, 0.000000
1972.000000, 3.356934, 7.934570, 11.291504, 34.332275, 42.114258, 39.825439, 41.809082, 28.991699, 35.858154, 2.136230, 0.693431, 0.686967, -0.020957, -0.000023, 0.000000
2156.000000, 3.356934, 7.781982, 10.986328, 34.484863, 41.503906, 40.130615, 41.809082, 29.144287, 36.926270, 2.136230, 0.697080, 0.687810, -0.003650, -0.000325, 0.000000
2340.000000, 3.509521, 7.324219, 11.138916, 32.196045, 42.572021, 40.588379, 41.656494, 28.991699, 35.705566, 1.831055, 0.695971, 0.688438, 0.001110, -0.000215, 0.000000
2521.000000, 3.662109, 7.629395, 10.986328, 33.721924, 42.266846, 41.961670, 43.029785, 29.449463, 35.705566, 1.831055, 0.684397, 0.688149, 0.011574, 0.000627, 0.000000
2704.000000, 3.509521, 7.476807, 10.681152, 33.416748, 41.961670, 40.435791, 43.640137, 28.686523, 35.858154, 1.831055, 0.657343, 0.686095, 0.027054, 0.002389, 0.000000
2884.000000, 3.509521, 7.476807, 10.833740, 32.958984, 43.029785, 41.503906, 43.945313, 29.602051, 36.163330, 2.136230, 0.673611, 0.685315, -0.016268, 0.001223, 0.000000
3067.000000, 3.509521, 7.324219, 10.681152, 32.501221, 42.572021, 40.740967, 44.097900, 29.296875, 36.621094, 2.136230, 0.664360, 0.684082, 0.009251, 0.001695, 0.000000
3249.000000, 3.509521, 7.324219, 10.681152, 32.348633, 42.572021, 41.198730, 44.708252, 29.296875, 36.773682, 2.136230, 0.655290, 0.682483, 0.009070, 0.002105, 0.000000
3430.000000, 3.509521, 7.476807, 10.833740, 32.806396, 43.792725, 42.877197, 46.234131, 30.364990, 37.078857, 2.136230, 0.656766, 0.681129, -0.001476, 0.001917, 0.000000
3613.000000, 3.509521, 7.476807, 10.833740, 33.874512, 43.334961, 43.945313, 46.386719, 30.364990, 37.689209, 2.136230, 0.654605, 0.679803, 0.002160, 0.001929, 0.000000
3794.000000, 3.662109, 7.476807, 10.833740, 33.721924, 44.097900, 44.403076, 47.149658, 30.822754, 38.299561, 2.136230, 0.653722, 0.678561, 0.000884, 0.001879, 0.000000
3975.000000, 3.662109, 7.324219, 10.681152, 32.806396, 43.792725, 44.403076, 46.539307, 31.433105, 38.299561, 2.136230, 0.675410, 0.678418, -0.021688, 0.000808, 0.000000
4157.000000, 3.509521, 7.324219, 10.375977, 33.264160, 43.487549, 44.097900, 46.539307, 30.517578, 37.994385, 2.136230, 0.655738, 0.677432, 0.019672, 0.001628, 0.000000
4339.000000, 3.509521, 7.171631, 10.070801, 33.111572, 42.877197, 42.724609, 46.234131, 29.754639, 38.146973, 2.136230, 0.643564, 0.676021, 0.012173, 0.002067, 0.000000
4521.000000, 3.509521, 7.171631, 10.223389, 32.196045, 43.487549, 43.182373, 46.081543, 30.212402, 37.689209, 2.136230, 0.655629, 0.675205, -0.012065, 0.001502, 0.000000
4704.000000, 3.662109, 7.019043, 10.375977, 31.738281, 43.792725, 45.166016, 47.607422, 31.127930, 37.841797, 2.136230, 0.653846, 0.674384, 0.001783, 0.001513, 0.000000
4886.000000, 3.662109, 7.171631, 10.528564, 32.806396, 43.945313, 46.997070, 48.522949, 31.738281, 37.384033, 2.136230, 0.654088, 0.673632, -0.000242, 0.001448, 0.000000
5067.000000, 3.509521, 7.324219, 10.223389, 34.179688, 44.403076, 46.997070, 49.896240, 32.043457, 36.773682, 2.136230, 0.642202, 0.672509, 0.011886, 0.001821, 0.000000
5248.000000, 3.509521, 7.171631, 10.375977, 33.874512, 44.555664, 46.691895, 50.048828, 31.738281, 37.689209, 2.136230, 0.634146, 0.671187, 0.008056, 0.002036, 0.000000
5430.000000, 3.509521, 7.171631, 10.375977, 33.416748, 44.860840, 47.454834, 50.811768, 31.890869, 39.062500, 2.441406, 0.627628, 0.669735, 0.006519, 0.002185, 0.000000
5612.000000, 3.662109, 7.171631, 10.375977, 33.264160, 45.166016, 48.065186, 51.269531, 32.348633, 39.062500, 2.441406, 0.630952, 0.668484, -0.003325, 0.002007, 0.000000
5795.000000, 3.662109, 7.019043, 10.223389, 32.196045, 45.623779, 47.760010, 50.201416, 32.501221, 39.520264, 2.441406, 0.647416, 0.667825, -0.016464, 0.001430, 0.000000
5976.000000, 3.662109, 6.866455, 10.223389, 31.585693, 44.708252, 47.607422, 49.591064, 32.043457, 40.130615, 2.441406, 0.646154, 0.667169, 0.001263, 0.001425, 0.000000
6157.000000, 3.662109, 6.866455, 10.375977, 31.738281, 45.166016, 47.912598, 50.811768, 32.348633, 40.435791, 2.441406, 0.636637, 0.666271, 0.009517, 0.001663, 0.000000
6339.000000, 3.662109, 7.019043, 10.223389, 32.043457, 45.623779, 49.133301, 52.185059, 32.653809, 39.215088, 2.441406, 0.625731, 0.665112, 0.010906, 0.001927, 0.000000
6521.000000, 3.814697, 7.019043, 10.375977, 32.348633, 45.623779, 50.048828, 52.490234, 33.264160, 39.672852, 2.441406, 0.633721, 0.664240, -0.007990, 0.001652, 0.000000
6702.000000, 3.814697, 7.019043, 10.070801, 32.348633, 45.471191, 49.896240, 52.642822, 32.958984, 39.672852, 2.441406, 0.626087, 0.663209, 0.007634, 0.001813, 0.000000
6883.000000, 3.662109, 7.019043, 10.070801, 32.348633, 45.928955, 49.896240, 53.710938, 33.416748, 39.978027, 2.441406, 0.622159, 0.662129, 0.003928, 0.001869, 0.000000
7064.000000, 3.814697, 7.019043, 10.223389, 32.501221, 46.539307, 50.964355, 54.626465, 33.874512, 40.130615, 2.441406, 0.620112, 0.661052, 0.002047, 0.001874, 0.000000
7244.000000, 3.814697, 7.171631, 10.223389, 33.111572, 46.539307, 51.574707, 55.084229, 33.874512, 39.978027, 2.441406, 0.614958, 0.659899, 0.005153, 0.001956, 0.000000
7424.000000, 3.814697, 7.171631, 10.070801, 33.264160, 46.539307, 52.185059, 55.084229, 34.027100, 40.435791, 2.441406, 0.617729, 0.658871, -0.002770, 0.001840, 0.000000
7607.000000, 3.967285, 7.019043, 10.223389, 32.653809, 46.234131, 54.931641, 56.610107, 34.790039, 41.809082, 2.441406, 0.614555, 0.657816, 0.003173, 0.001872, 0.000000
7788.000000, 3.967285, 7.019043, 10.375977, 32.348633, 46.997070, 54.931641, 57.220459, 34.637451, 42.266846, 2.441406, 0.605333, 0.656595, 0.009222, 0.002043, 0.000000
7970.000000, 3.814697, 7.019043, 10.223389, 32.806396, 47.302246, 52.032471, 56.915283, 34.179688, 41.656494, 2.746582, 0.600536, 0.655321, 0.004797, 0.002106, 0.000000
8152.000000, 3.814697, 7.019043, 10.070801, 32.653809, 46.844482, 52.032471, 56.457520, 34.179688, 42.266846, 2.441406, 0.605405, 0.654212, -0.004869, 0.001951, 0.000000
8335.000000, 3.814697, 6.866455, 10.070801, 31.585693, 46.997070, 53.253174, 57.220459, 33.874512, 40.130615, 2.441406, 0.592000, 0.652859, 0.013405, 0.002200, 0.000000
8517.000000, 3.814697, 6.866455, 9.918213, 31.738281, 46.386719, 54.321289, 57.830811, 34.179688, 40.588379, 2.441406, 0.591029, 0.651544, 0.000971, 0.002173, 0.000000
8698.000000, 3.814697, 7.019043, 10.070801, 32.653809, 46.539307, 52.795410, 57.678223, 34.179688, 41.351318, 2.441406, 0.592593, 0.650316, -0.001564, 0.002096, 0.000000
8879.000000, 3.814697, 7.019043, 10.070801, 32.348633, 47.607422, 52.947998, 58.135986, 34.942627, 42.572021, 2.441406, 0.601050, 0.649310, -0.008457, 0.001880, 0.000000
9063.000000, 3.814697, 7.019043, 10.070801, 31.890869, 47.607422, 53.710938, 58.898926, 34.790039, 41.656494, 2.441406, 0.590674, 0.648137, 0.010376, 0.002050, 0.000000
9242.000000, 3.967285, 7.019043, 10.223389, 31.585693, 48.370361, 55.999756, 60.272217, 35.095215, 43.029785, 2.746582, 0.582278, 0.646846, 0.008395, 0.002175, 0.000000
9424.000000, 3.967285, 7.019043, 10.223389, 32.043457, 48.370361, 54.931641, 60.119629, 35.095215, 43.334961, 2.746582, 0.583756, 0.645633, -0.001478, 0.002104, 0.000000
9605.000000, 3.967285, 7.019043, 10.223389, 31.433105, 49.133301, 55.236816, 61.035156, 35.247803, 43.945313, 2.746582, 0.577500, 0.644347, 0.006256, 0.002183, 0.000000
9786.000000, 3.967285, 7.019043, 10.070801, 31.890869, 48.828125, 56.304932, 61.340332, 35.400391, 43.487549, 2.746582, 0.577114, 0.643102, 0.000386, 0.002149, 0.000000
9967.000000, 3.967285, 7.171631, 10.070801, 32.653809, 48.828125, 57.067871, 61.645508, 35.705566, 42.572021, 2.746582, 0.579208, 0.641941, -0.002093, 0.002072, 0.000000
10149.000000, 3.967285, 7.019043, 10.070801, 32.348633, 49.285889, 57.525635, 61.950684, 35.705566, 43.029785, 2.746582, 0.576355, 0.640769, 0.002853, 0.002086, 0.000000
10332.000000, 4.119873, 7.019043, 10.070801, 32.043457, 49.438477, 58.135986, 62.713623, 35.858154, 42.877197, 2.746582, 0.571776, 0.639559, 0.004579, 0.002130, 0.000000
10516.000000, 4.119873, 7.171631, 10.070801, 32.501221, 49.285889, 58.898926, 62.713623, 36.315918, 43.487549, 2.746582, 0.579075, 0.638516, -0.007299, 0.001967, 0.000000
10699.000000, 3.967285, 7.171631, 10.070801, 32.806396, 49.285889, 58.288574, 63.323975, 36.163330, 43.029785, 2.746582, 0.571084, 0.637373, 0.007991, 0.002069, 0.000000
10882.000000, 4.119873, 7.019043, 10.223389, 32.348633, 49.591064, 58.746338, 64.086914, 36.163330, 43.487549, 2.746582, 0.564286, 0.636155, 0.006799, 0.002148, 0.000000
11064.000000, 4.119873, 7.171631, 10.223389, 32.348633, 49.591064, 58.593750, 64.086914, 36.315918, 43.792725, 2.746582, 0.566667, 0.635016, -0.002381, 0.002074, 0.000000
11247.000000, 4.119873, 7.019043, 10.223389, 31.890869, 49.896240, 59.204102, 64.544678, 36.468506, 43.945313, 2.746582, 0.565012, 0.633887, 0.001655, 0.002067, 0.000000
11430.000000, 4.119873, 7.019043, 10.223389, 31.890869, 49.438477, 61.187744, 64.697266, 37.231445, 43.945313, 2.746582, 0.575472, 0.632960, -0.010460, 0.001868, 0.000000
11613.000000, 4.119873, 7.171631, 10.223389, 32.196045, 50.201416, 60.882568, 65.155029, 37.231445, 43.945313, 2.746582, 0.571429, 0.631998, 0.004043, 0.001902, 0.000000
11794.000000, 4.119873, 7.171631, 10.223389, 32.501221, 49.896240, 59.967041, 64.849854, 37.231445, 43.792725, 2.746582, 0.574118, 0.631108, -0.002689, 0.001832, 0.000000
11976.000000, 4.119873, 7.171631, 10.223389, 32.653809, 50.048828, 60.577393, 64.849854, 37.536621, 43.792725, 2.746582, 0.578824, 0.629348, -0.004706, 0.001759, 0.000000
12159.000000, 4.119873, 7.171631, 10.223389, 32.653809, 50.048828, 62.408447, 65.765381, 37.689209, 43.792725, 2.746582, 0.573086, 0.627060, 0.005738, 0.002288, 0.000000
12343.000000, 4.119873, 7.324219, 10.070801, 33.264160, 50.354004, 61.950684, 66.070557, 37.994385, 44.555664, 2.746582, 0.575058, 0.625150, -0.001972, 0.001910, 0.000000
12525.000000, 4.119873, 7.171631, 10.223389, 33.264160, 49.896240, 61.035156, 65.917969, 37.841797, 43.640137, 2.746582, 0.574074, 0.623282, 0.000984, 0.001868, 0.000000
12708.000000, 4.272461, 7.171631, 10.375977, 32.653809, 50.506592, 62.713623, 66.680908, 38.146973, 43.640137, 2.746582, 0.572082, 0.621673, 0.001992, 0.001609, 0.000000
FIRST DELTA HIT
12909.000000, 4.272461, 7.171631, 10.375977, 32.196045, 50.659180, 64.086914, 67.291260, 38.452148, 45.776367, 2.746582, 0.571429, 0.619901, 0.000654, 0.001771, 0.000000
13091.000000, 4.119873, 7.171631, 10.223389, 32.958984, 51.116943, 63.323975, 67.138672, 38.299561, 46.234131, 3.051758, 0.570455, 0.618130, 0.000974, 0.001772, 0.000000
13273.000000, 4.119873, 7.171631, 10.223389, 32.806396, 51.269531, 62.255859, 67.291260, 38.452148, 45.928955, 2.746582, 0.571429, 0.616740, -0.000974, 0.001390, 0.000000
RXN DONE
Calculated Distance: 32.48
TIMETORUN: 57408.09
13518.000000, 4.119873, 7.171631, 10.223389, 32.806396, 51.116943, 62.408447, 67.443848, 38.452148, 45.471191, 2.746582, 0.570136, 0.615197, 0.001293, 0.001543, 0.000000
13701.000000, 4.272461, 7.171631, 10.223389, 32.348633, 51.269531, 63.018799, 67.901611, 38.604736, 45.623779, 2.746582, 0.568539, 0.613598, 0.001596, 0.001599, 0.000000
13885.000000, 4.272461, 7.171631, 10.375977, 32.196045, 51.269531, 63.934326, 68.206787, 38.604736, 45.776367, 2.746582, 0.565996, 0.611638, 0.002544, 0.001961, 0.000000
14068.000000, 4.272461, 7.171631, 10.223389, 32.196045, 51.574707, 63.781738, 68.206787, 38.757324, 46.234131, 2.746582, 0.568233, 0.609656, -0.002237, 0.001982, 0.000000
14251.000000, 4.272461, 7.171631, 10.223389, 32.196045, 51.269531, 63.323975, 68.054199, 38.757324, 45.776367, 2.746582, 0.569507, 0.607710, -0.001274, 0.001946, 0.000000
14436.000000, 4.272461, 7.171631, 10.223389, 32.043457, 51.116943, 63.476563, 68.206787, 38.909912, 45.318604, 2.746582, 0.570470, 0.605957, -0.000963, 0.001753, 0.000000
14618.000000, 4.272461, 7.019043, 10.223389, 31.890869, 50.506592, 63.781738, 67.749023, 38.604736, 45.318604, 2.746582, 0.569820, 0.604611, 0.000650, 0.001347, 0.000000
14801.000000, 4.272461, 7.171631, 10.223389, 32.196045, 51.269531, 64.544678, 68.664551, 38.909912, 45.776367, 2.746582, 0.566667, 0.602965, 0.003153, 0.001645, 0.000000
14984.000000, 4.272461, 7.171631, 10.223389, 32.348633, 51.269531, 64.239502, 68.817139, 38.909912, 45.776367, 2.746582, 0.565410, 0.601443, 0.001256, 0.001522, 0.000000
15168.000000, 4.272461, 7.171631, 10.223389, 32.043457, 51.574707, 64.239502, 68.817139, 38.909912, 46.081543, 2.746582, 0.565410, 0.600060, 0.000000, 0.001383, 0.000000
15350.000000, 4.272461, 7.019043, 10.223389, 31.738281, 51.574707, 64.544678, 68.969727, 38.909912, 46.234131, 2.746582, 0.564159, 0.598636, 0.001251, 0.001425, 0.000000
15533.000000, 4.272461, 7.019043, 10.223389, 31.738281, 51.574707, 64.239502, 68.817139, 38.757324, 46.386719, 2.746582, 0.563193, 0.597229, 0.000966, 0.001406, 0.000000
15717.000000, 4.272461, 7.019043, 10.070801, 31.738281, 51.574707, 63.781738, 68.817139, 38.757324, 46.539307, 3.051758, 0.563193, 0.595837, 0.000000, 0.001393, 0.000000
15898.000000, 4.272461, 7.019043, 10.070801, 31.738281, 51.727295, 64.086914, 69.274902, 38.757324, 46.691895, 3.051758, 0.559471, 0.594053, 0.003722, 0.001784, 0.000000
16081.000000, 4.272461, 7.019043, 10.223389, 31.433105, 51.879883, 64.697266, 69.580078, 38.909912, 46.539307, 3.051758, 0.559211, 0.592568, 0.000261, 0.001485, 0.000000
16264.000000, 4.272461, 7.019043, 10.223389, 31.433105, 51.879883, 64.697266, 69.885254, 39.062500, 46.691895, 3.051758, 0.558952, 0.591266, 0.000259, 0.001302, 0.000000
16447.000000, 4.272461, 7.019043, 10.223389, 31.890869, 52.032471, 64.697266, 70.343018, 39.062500, 46.539307, 3.051758, 0.555315, 0.589723, 0.003637, 0.001543, 0.000000
16629.000000, 4.272461, 7.171631, 10.223389, 31.890869, 51.574707, 63.476563, 69.885254, 38.757324, 45.928955, 3.051758, 0.554585, 0.588196, 0.000729, 0.001527, 0.000000
16812.000000, 4.272461, 7.171631, 10.375977, 32.196045, 52.337646, 64.544678, 71.258545, 39.062500, 47.149658, 3.051758, 0.548180, 0.586566, 0.006405, 0.001629, 0.000000
16994.000000, 4.272461, 7.019043, 10.223389, 31.585693, 52.032471, 67.138672, 71.868896, 39.672852, 47.607422, 3.051758, 0.552017, 0.585179, -0.003837, 0.001387, 0.000000
17178.000000, 4.272461, 6.866455, 10.375977, 30.822754, 51.116943, 63.018799, 68.664551, 40.740967, 42.419434, 3.051758, 0.593333, 0.584551, -0.041316, 0.000628, 0.000000
17361.000000, 4.730225, 6.561279, 9.613037, 23.193359, 62.103271, 72.784424, 80.108643, 36.926270, 50.811768, 3.356934, 0.460952, 0.581987, 0.132381, 0.002564, 0.000000
17543.000000, 5.187988, 7.934570, 10.833740, 32.806396, 54.473877, 58.288574, 64.086914, 29.144287, 44.097900, 1.831055, 0.454762, 0.579276, 0.006190, 0.002711, 0.000000
17727.000000, 5.340576, 7.171631, 11.138916, 33.264160, 59.814453, 74.768066, 79.498291, 36.621094, 50.201416, 3.051758, 0.460653, 0.576403, -0.005891, 0.002873, 0.000000
17910.000000, 5.187988, 7.019043, 10.833740, 32.348633, 61.645508, 71.563721, 78.430176, 37.384033, 47.912598, 3.356934, 0.476654, 0.573795, -0.016001, 0.002608, 0.000000
18094.000000, 5.493164, 7.934570, 11.444092, 33.874512, 60.119629, 70.648193, 80.261230, 36.773682, 49.591064, 3.051758, 0.458175, 0.571050, 0.018479, 0.002746, 0.000000
18278.000000, 5.493164, 7.934570, 11.291504, 35.247803, 60.424805, 74.157715, 78.735352, 36.773682, 51.574707, 3.356934, 0.467054, 0.568608, -0.008879, 0.002441, 0.000000
18460.000000, 5.340576, 6.866455, 11.138916, 32.958984, 58.898926, 74.920654, 79.956055, 35.858154, 52.185059, 3.051758, 0.448473, 0.565758, 0.018581, 0.002850, 0.000000
18643.000000, 5.340576, 7.171631, 10.986328, 32.806396, 59.814453, 72.174072, 81.481934, 36.621094, 51.879883, 3.356934, 0.449438, 0.563041, -0.000965, 0.002718, 0.000000
18828.000000, 5.340576, 7.171631, 10.833740, 35.095215, 60.424805, 70.190430, 80.413818, 36.468506, 50.201416, 3.356934, 0.453510, 0.560446, -0.004072, 0.002595, 0.000000
19011.000000, 5.493164, 7.934570, 11.444092, 34.179688, 59.814453, 76.904297, 79.040527, 35.400391, 52.642822, 3.356934, 0.447876, 0.557796, 0.005634, 0.002650, 0.000000
19194.000000, 5.187988, 7.781982, 10.070801, 33.264160, 53.710938, 53.863525, 63.934326, 27.160645, 40.130615, 2.136230, 0.424821, 0.554871, 0.023055, 0.002925, 0.000000
19377.000000, 4.272461, 7.476807, 9.002686, 32.958984, 64.544678, 74.462891, 77.362061, 34.332275, 55.236816, 3.051758, 0.443787, 0.552195, -0.018966, 0.002676, 0.000000
19561.000000, 4.425049, 8.239746, 9.765625, 34.942627, 70.800781, 75.683594, 82.397461, 39.978027, 46.234131, 3.967285, 0.485185, 0.550205, -0.041398, 0.001990, 0.000000
19742.000000, 4.119873, 10.833740, 10.070801, 41.198730, 73.394775, 123.901370, 76.599121, 52.490234, 72.174072, 5.798340, 0.685259, 0.551435, -0.200074, -0.001230, 0.000000
