Time, Value
0.00000, 233.00000
0.00000, 294.00000
1.00000, 192.00000
8.00000, 192.00000
28.00000, 192.00000
51.00000, 192.00000
73.00000, 191.00000
94.00000, 191.00000
117.00000, 191.00000
139.00000, 191.00000
162.00000, 191.00000
185.00000, 191.00000
208.00000, 191.00000
230.00000, 191.00000
254.00000, 190.00000
276.00000, 191.00000
299.00000, 190.00000
322.00000, 190.00000
345.00000, 190.00000
367.00000, 189.00000
391.00000, 190.00000
413.00000, 190.00000
437.00000, 190.00000
460.00000, 190.00000
482.00000, 190.00000
506.00000, 189.00000
528.00000, 189.00000
551.00000, 190.00000
574.00000, 189.00000
597.00000, 190.00000
619.00000, 190.00000
643.00000, 190.00000
665.00000, 190.00000
688.00000, 189.00000
711.00000, 189.00000
734.00000, 189.00000
757.00000, 189.00000
780.00000, 189.00000
803.00000, 190.00000
825.00000, 190.00000
849.00000, 189.00000
871.00000, 189.00000
894.00000, 189.00000
917.00000, 189.00000
940.00000, 189.00000
962.00000, 189.00000
986.00000, 189.00000
1008.00000, 189.00000
1032.00000, 189.00000
1057.00000, 189.00000
1080.00000, 189.00000
1105.00000, 189.00000
1128.00000, 189.00000
1152.00000, 188.00000
1176.00000, 189.00000
1200.00000, 189.00000
1223.00000, 189.00000
1248.00000, 189.00000
1272.00000, 188.00000
1295.00000, 189.00000
1320.00000, 189.00000
1343.00000, 189.00000
1367.00000, 189.00000
1391.00000, 188.00000
1415.00000, 189.00000
1440.00000, 188.00000
1463.00000, 187.00000
1487.00000, 187.00000
1511.00000, 188.00000
1535.00000, 188.00000
1558.00000, 188.00000
1583.00000, 187.00000
1606.00000, 187.00000
1630.00000, 189.00000
1655.00000, 188.00000
1678.00000, 188.00000
1702.00000, 188.00000
1726.00000, 188.00000
1750.00000, 188.00000
1774.00000, 187.00000
1798.00000, 188.00000
1821.00000, 188.00000
1846.00000, 187.00000
1870.00000, 188.00000
1893.00000, 186.00000
1918.00000, 187.00000
1941.00000, 188.00000
1965.00000, 186.00000
1989.00000, 187.00000
2013.00000, 188.00000
2038.00000, 187.00000
2061.00000, 187.00000
2085.00000, 188.00000
2109.00000, 187.00000
2133.00000, 187.00000
2156.00000, 187.00000
2181.00000, 187.00000
2204.00000, 187.00000
2228.00000, 186.00000
2253.00000, 188.00000
2276.00000, 188.00000
2300.00000, 188.00000
2324.00000, 187.00000
2348.00000, 186.00000
2372.00000, 187.00000
2396.00000, 188.00000
2420.00000, 187.00000
2444.00000, 188.00000
2468.00000, 187.00000
2491.00000, 187.00000
2516.00000, 186.00000
2539.00000, 187.00000
2563.00000, 188.00000
2587.00000, 187.00000
2611.00000, 186.00000
2636.00000, 186.00000
2659.00000, 187.00000
2683.00000, 186.00000
2707.00000, 187.00000
2731.00000, 186.00000
2754.00000, 186.00000
2779.00000, 186.00000
2802.00000, 186.00000
2826.00000, 187.00000
2851.00000, 187.00000
2874.00000, 188.00000
2898.00000, 188.00000
2922.00000, 187.00000
2946.00000, 187.00000
2970.00000, 188.00000
2994.00000, 187.00000
3018.00000, 188.00000
3042.00000, 188.00000
3066.00000, 187.00000
3089.00000, 187.00000
3114.00000, 187.00000
3137.00000, 187.00000
3161.00000, 187.00000
3185.00000, 187.00000
3209.00000, 188.00000
3234.00000, 187.00000
3257.00000, 187.00000
3281.00000, 187.00000
3305.00000, 187.00000
3329.00000, 187.00000
3352.00000, 186.00000
3377.00000, 187.00000
3401.00000, 187.00000
3424.00000, 187.00000
3449.00000, 186.00000
3472.00000, 187.00000
3497.00000, 186.00000
3520.00000, 187.00000
3544.00000, 187.00000
3568.00000, 187.00000
3592.00000, 187.00000
3616.00000, 186.00000
3640.00000, 187.00000
3664.00000, 187.00000
3687.00000, 186.00000
3712.00000, 187.00000
3735.00000, 186.00000
3759.00000, 187.00000
3783.00000, 187.00000
3807.00000, 187.00000
3832.00000, 187.00000
3855.00000, 186.00000
3879.00000, 187.00000
3903.00000, 187.00000
3927.00000, 187.00000
3950.00000, 186.00000
3975.00000, 187.00000
3999.00000, 187.00000
4022.00000, 187.00000
4047.00000, 187.00000
4070.00000, 186.00000
4095.00000, 186.00000
4118.00000, 187.00000
4142.00000, 187.00000
4166.00000, 186.00000
4190.00000, 187.00000
4214.00000, 186.00000
4238.00000, 187.00000
4262.00000, 186.00000
4285.00000, 187.00000
4310.00000, 186.00000
4333.00000, 186.00000
4357.00000, 187.00000
4381.00000, 187.00000
4405.00000, 187.00000
4429.00000, 186.00000
4453.00000, 186.00000
4477.00000, 187.00000
4501.00000, 186.00000
4525.00000, 186.00000
4548.00000, 186.00000
4573.00000, 186.00000
4597.00000, 187.00000
4620.00000, 186.00000
4645.00000, 186.00000
4668.00000, 186.00000
4692.00000, 186.00000
4716.00000, 186.00000
4740.00000, 187.00000
4764.00000, 187.00000
4788.00000, 187.00000
4812.00000, 186.00000
4836.00000, 187.00000
4860.00000, 186.00000
4883.00000, 187.00000
4908.00000, 185.00000
4931.00000, 187.00000
4955.00000, 186.00000
4980.00000, 187.00000
5003.00000, 186.00000
5028.00000, 186.00000
5051.00000, 186.00000
5075.00000, 187.00000
5099.00000, 187.00000
5123.00000, 186.00000
5146.00000, 186.00000
5171.00000, 186.00000
5195.00000, 186.00000
5218.00000, 186.00000
5243.00000, 186.00000
5266.00000, 186.00000
5290.00000, 186.00000
5314.00000, 186.00000
5338.00000, 186.00000
5361.00000, 186.00000
5386.00000, 186.00000
5410.00000, 186.00000
5434.00000, 186.00000
5458.00000, 186.00000
5481.00000, 186.00000
5506.00000, 186.00000
5529.00000, 186.00000
5553.00000, 186.00000
5578.00000, 186.00000
5601.00000, 186.00000
5625.00000, 186.00000
5649.00000, 186.00000
5673.00000, 186.00000
5697.00000, 185.00000
5721.00000, 186.00000
5744.00000, 186.00000
5769.00000, 185.00000
5793.00000, 185.00000
5816.00000, 186.00000
5841.00000, 186.00000
5864.00000, 185.00000
5888.00000, 186.00000
5912.00000, 186.00000
5936.00000, 185.00000
5959.00000, 186.00000
5984.00000, 186.00000
6008.00000, 186.00000
6032.00000, 185.00000
6056.00000, 186.00000
6079.00000, 185.00000
6104.00000, 186.00000
6127.00000, 185.00000
6151.00000, 186.00000
6176.00000, 186.00000
6199.00000, 186.00000
6223.00000, 186.00000
6247.00000, 186.00000
6271.00000, 186.00000
6295.00000, 186.00000
6319.00000, 186.00000
6342.00000, 186.00000
6367.00000, 186.00000
6391.00000, 185.00000
6414.00000, 185.00000
6439.00000, 185.00000
6462.00000, 185.00000
6486.00000, 186.00000
6510.00000, 186.00000
6534.00000, 185.00000
6559.00000, 185.00000
6582.00000, 186.00000
6606.00000, 185.00000
6630.00000, 185.00000
6654.00000, 185.00000
6677.00000, 185.00000
6702.00000, 186.00000
6725.00000, 185.00000
6749.00000, 185.00000
6774.00000, 185.00000
6797.00000, 185.00000
6821.00000, 185.00000
6845.00000, 185.00000
6869.00000, 185.00000
6892.00000, 185.00000
6917.00000, 185.00000
6940.00000, 185.00000
6965.00000, 185.00000
6989.00000, 185.00000
7012.00000, 185.00000
7037.00000, 185.00000
7060.00000, 185.00000
7084.00000, 185.00000
7108.00000, 185.00000
7132.00000, 185.00000
7156.00000, 185.00000
7180.00000, 185.00000
7204.00000, 185.00000
7228.00000, 185.00000
7252.00000, 185.00000
7275.00000, 185.00000
7300.00000, 185.00000
7323.00000, 185.00000
7347.00000, 184.00000
7372.00000, 185.00000
7395.00000, 185.00000
7419.00000, 185.00000
7443.00000, 185.00000
7467.00000, 185.00000
7490.00000, 185.00000
7515.00000, 185.00000
7538.00000, 186.00000
7563.00000, 185.00000
7587.00000, 185.00000
7610.00000, 184.00000
7635.00000, 185.00000
7658.00000, 184.00000
7682.00000, 185.00000
7706.00000, 184.00000
7730.00000, 185.00000
7754.00000, 185.00000
7778.00000, 185.00000
7802.00000, 185.00000
7825.00000, 185.00000
7850.00000, 185.00000
7873.00000, 185.00000
7898.00000, 184.00000
7921.00000, 185.00000
7945.00000, 185.00000
7970.00000, 184.00000
7993.00000, 185.00000
8017.00000, 184.00000
8041.00000, 184.00000
8065.00000, 185.00000
8088.00000, 184.00000
8113.00000, 185.00000
8137.00000, 185.00000
8161.00000, 184.00000
8185.00000, 185.00000
8208.00000, 184.00000
8233.00000, 184.00000
8256.00000, 185.00000
8280.00000, 184.00000
8304.00000, 185.00000
8328.00000, 185.00000
8352.00000, 185.00000
8376.00000, 184.00000
8400.00000, 185.00000
8424.00000, 185.00000
8448.00000, 185.00000
8471.00000, 185.00000
8496.00000, 184.00000
8519.00000, 184.00000
8543.00000, 184.00000
8568.00000, 185.00000
8591.00000, 184.00000
8615.00000, 185.00000
8639.00000, 185.00000
8663.00000, 184.00000
8686.00000, 184.00000
8711.00000, 184.00000
8735.00000, 184.00000
8759.00000, 185.00000
8783.00000, 184.00000
8806.00000, 184.00000
8831.00000, 184.00000
8854.00000, 184.00000
8878.00000, 184.00000
8902.00000, 184.00000
8926.00000, 184.00000
8950.00000, 184.00000
8974.00000, 185.00000
8998.00000, 184.00000
9021.00000, 184.00000
9046.00000, 184.00000
9069.00000, 184.00000
9094.00000, 185.00000
9117.00000, 184.00000
9141.00000, 184.00000
9166.00000, 184.00000
9189.00000, 184.00000
9213.00000, 185.00000
9237.00000, 184.00000
9261.00000, 184.00000
9284.00000, 184.00000
9309.00000, 184.00000
9333.00000, 184.00000
9356.00000, 184.00000
9381.00000, 184.00000
9404.00000, 184.00000
9429.00000, 185.00000
9452.00000, 184.00000
9476.00000, 184.00000
9500.00000, 184.00000
9524.00000, 184.00000
9548.00000, 184.00000
9572.00000, 184.00000
9596.00000, 184.00000
9619.00000, 185.00000
9644.00000, 184.00000
9667.00000, 184.00000
9692.00000, 184.00000
9716.00000, 184.00000
9739.00000, 184.00000
9764.00000, 184.00000
9787.00000, 184.00000
9811.00000, 184.00000
9835.00000, 184.00000
9859.00000, 185.00000
9882.00000, 185.00000
9907.00000, 184.00000
9931.00000, 184.00000
9955.00000, 184.00000
9979.00000, 185.00000
10002.00000, 184.00000
10028.00000, 185.00000
10052.00000, 185.00000
10077.00000, 184.00000
10103.00000, 184.00000
10127.00000, 184.00000
10152.00000, 184.00000
10177.00000, 184.00000
10202.00000, 184.00000
10228.00000, 185.00000
10252.00000, 184.00000
10277.00000, 184.00000
10302.00000, 184.00000
10327.00000, 184.00000
10351.00000, 184.00000
10377.00000, 184.00000
10402.00000, 184.00000
10427.00000, 185.00000
10452.00000, 183.00000
10476.00000, 184.00000
10502.00000, 184.00000
10527.00000, 184.00000
10551.00000, 184.00000
10577.00000, 184.00000
10601.00000, 184.00000
10627.00000, 184.00000
10651.00000, 184.00000
10676.00000, 184.00000
10702.00000, 184.00000
10726.00000, 184.00000
10751.00000, 185.00000
10776.00000, 184.00000
10801.00000, 184.00000
10827.00000, 184.00000
10851.00000, 184.00000
10876.00000, 184.00000
10901.00000, 184.00000
10926.00000, 184.00000
10950.00000, 183.00000
10976.00000, 184.00000
11001.00000, 184.00000
11026.00000, 184.00000
11051.00000, 184.00000
11075.00000, 184.00000
11101.00000, 184.00000
11126.00000, 184.00000
11150.00000, 184.00000
11176.00000, 184.00000
11200.00000, 184.00000
11226.00000, 183.00000
11250.00000, 184.00000
11275.00000, 184.00000
11301.00000, 184.00000
11325.00000, 184.00000
11350.00000, 184.00000
11375.00000, 184.00000
11400.00000, 184.00000
11426.00000, 184.00000
11450.00000, 185.00000
11475.00000, 184.00000
11500.00000, 184.00000
11525.00000, 184.00000
11549.00000, 184.00000
11575.00000, 184.00000
11600.00000, 184.00000
11625.00000, 183.00000
11650.00000, 184.00000
11674.00000, 184.00000
11700.00000, 184.00000
11725.00000, 184.00000
11749.00000, 184.00000
11775.00000, 185.00000
11799.00000, 184.00000
11825.00000, 183.00000
11850.00000, 184.00000
11874.00000, 183.00000
11900.00000, 184.00000
11924.00000, 183.00000
11949.00000, 184.00000
11974.00000, 183.00000
11999.00000, 184.00000
12025.00000, 184.00000
12049.00000, 184.00000
12074.00000, 184.00000
12099.00000, 184.00000
12124.00000, 184.00000
12149.00000, 184.00000
12174.00000, 184.00000
12199.00000, 184.00000
12224.00000, 185.00000
12249.00000, 184.00000
12273.00000, 184.00000
12299.00000, 184.00000
12324.00000, 184.00000
12348.00000, 184.00000
12374.00000, 184.00000
12398.00000, 184.00000
12424.00000, 184.00000
12449.00000, 184.00000
12473.00000, 184.00000
12499.00000, 184.00000
12523.00000, 184.00000
12548.00000, 184.00000
12573.00000, 184.00000
12598.00000, 183.00000
12624.00000, 184.00000
12648.00000, 184.00000
12673.00000, 184.00000
12698.00000, 184.00000
12723.00000, 184.00000
12748.00000, 184.00000
12773.00000, 183.00000
12798.00000, 184.00000
12823.00000, 184.00000
12848.00000, 184.00000
12873.00000, 184.00000
12898.00000, 184.00000
12923.00000, 184.00000
12947.00000, 184.00000
12973.00000, 184.00000
12997.00000, 184.00000
13023.00000, 184.00000
13048.00000, 184.00000
13072.00000, 183.00000
13098.00000, 183.00000
13122.00000, 184.00000
13148.00000, 184.00000
13173.00000, 183.00000
13197.00000, 184.00000
13223.00000, 183.00000
13247.00000, 184.00000
13272.00000, 183.00000
13297.00000, 184.00000
13322.00000, 184.00000
13347.00000, 184.00000
13372.00000, 184.00000
13397.00000, 184.00000
13422.00000, 184.00000
13447.00000, 184.00000
13472.00000, 184.00000
13497.00000, 184.00000
13522.00000, 183.00000
13547.00000, 183.00000
13572.00000, 184.00000
13596.00000, 184.00000
13622.00000, 184.00000
13647.00000, 183.00000
13671.00000, 184.00000
13697.00000, 184.00000
13721.00000, 184.00000
13746.00000, 184.00000
13772.00000, 184.00000
13796.00000, 184.00000
13822.00000, 184.00000
13846.00000, 184.00000
13871.00000, 184.00000
13897.00000, 184.00000
13921.00000, 184.00000
13946.00000, 184.00000
13971.00000, 184.00000
13996.00000, 183.00000
14021.00000, 185.00000
14046.00000, 183.00000
14071.00000, 184.00000
14096.00000, 184.00000
14121.00000, 184.00000
14145.00000, 184.00000
14171.00000, 184.00000
14196.00000, 184.00000
14221.00000, 183.00000
14246.00000, 184.00000
14270.00000, 184.00000
14296.00000, 183.00000
14320.00000, 183.00000
14345.00000, 183.00000
14371.00000, 184.00000
14395.00000, 184.00000
14421.00000, 184.00000
14445.00000, 184.00000
14470.00000, 183.00000
14496.00000, 183.00000
14520.00000, 184.00000
14546.00000, 184.00000
14570.00000, 184.00000
14595.00000, 183.00000
14620.00000, 184.00000
14645.00000, 184.00000
14670.00000, 184.00000
14695.00000, 184.00000
14720.00000, 184.00000
14744.00000, 184.00000
14770.00000, 184.00000
14795.00000, 184.00000
14820.00000, 185.00000
14845.00000, 184.00000
14869.00000, 184.00000
14895.00000, 184.00000
14919.00000, 184.00000
14944.00000, 184.00000
14970.00000, 184.00000
14994.00000, 184.00000
15020.00000, 184.00000
15044.00000, 184.00000
15069.00000, 184.00000
15095.00000, 184.00000
15119.00000, 184.00000
15144.00000, 184.00000
15169.00000, 184.00000
15194.00000, 184.00000
15220.00000, 184.00000
15244.00000, 183.00000
15269.00000, 184.00000
15294.00000, 184.00000
15319.00000, 184.00000
15343.00000, 184.00000
15369.00000, 184.00000
15394.00000, 184.00000
15419.00000, 184.00000
15444.00000, 184.00000
15468.00000, 185.00000
15494.00000, 184.00000
15519.00000, 184.00000
15543.00000, 183.00000
15569.00000, 184.00000
15593.00000, 184.00000
15619.00000, 184.00000
15643.00000, 183.00000
15668.00000, 184.00000
15694.00000, 184.00000
15718.00000, 183.00000
15743.00000, 184.00000
15768.00000, 184.00000
15793.00000, 184.00000
15819.00000, 184.00000
15843.00000, 183.00000
15868.00000, 185.00000
15893.00000, 184.00000
15918.00000, 184.00000
15942.00000, 184.00000
15968.00000, 184.00000
15993.00000, 184.00000
16018.00000, 184.00000
16043.00000, 184.00000
16067.00000, 184.00000
16093.00000, 184.00000
16118.00000, 184.00000
16142.00000, 184.00000
16168.00000, 184.00000
16192.00000, 184.00000
16218.00000, 183.00000
16242.00000, 184.00000
16267.00000, 184.00000
16293.00000, 185.00000
16317.00000, 184.00000
16343.00000, 184.00000
16367.00000, 185.00000
16392.00000, 184.00000
16418.00000, 184.00000
16442.00000, 183.00000
16467.00000, 184.00000
16492.00000, 184.00000
16517.00000, 185.00000
16541.00000, 184.00000
16567.00000, 184.00000
16592.00000, 184.00000
16617.00000, 184.00000
16642.00000, 184.00000
16666.00000, 184.00000
16692.00000, 184.00000
16717.00000, 184.00000
16741.00000, 185.00000
16767.00000, 184.00000
16791.00000, 184.00000
16817.00000, 185.00000
16842.00000, 185.00000
16866.00000, 184.00000
16892.00000, 184.00000
16916.00000, 184.00000
16941.00000, 184.00000
16966.00000, 184.00000
16991.00000, 184.00000
17017.00000, 184.00000
17041.00000, 184.00000
17066.00000, 184.00000
17091.00000, 184.00000
17116.00000, 184.00000
17142.00000, 184.00000
17166.00000, 184.00000
17191.00000, 184.00000
17216.00000, 184.00000
17241.00000, 184.00000
17265.00000, 184.00000
17291.00000, 184.00000
17316.00000, 183.00000
17340.00000, 184.00000
17366.00000, 184.00000
17390.00000, 184.00000
17416.00000, 184.00000
17441.00000, 185.00000
17465.00000, 184.00000
17491.00000, 184.00000
17515.00000, 184.00000
17541.00000, 183.00000
17565.00000, 184.00000
17590.00000, 184.00000
17616.00000, 184.00000
17640.00000, 185.00000
17665.00000, 184.00000
17690.00000, 184.00000
17715.00000, 184.00000
17740.00000, 184.00000
17765.00000, 184.00000
17790.00000, 184.00000
17815.00000, 184.00000
17840.00000, 184.00000
17865.00000, 184.00000
17890.00000, 184.00000
17915.00000, 183.00000
17940.00000, 184.00000
17965.00000, 184.00000
17989.00000, 184.00000
18015.00000, 185.00000
18040.00000, 184.00000
18064.00000, 184.00000
18090.00000, 184.00000
18114.00000, 185.00000
18139.00000, 184.00000
18165.00000, 183.00000
18189.00000, 184.00000
18215.00000, 184.00000
18239.00000, 184.00000
18264.00000, 184.00000
18289.00000, 184.00000
18314.00000, 184.00000
18339.00000, 184.00000
18364.00000, 185.00000
18389.00000, 184.00000
18414.00000, 184.00000
18439.00000, 184.00000
18464.00000, 184.00000
18489.00000, 184.00000
18514.00000, 185.00000
18538.00000, 184.00000
18564.00000, 184.00000
18588.00000, 184.00000
18614.00000, 184.00000
18639.00000, 183.00000
18663.00000, 184.00000
18689.00000, 184.00000
18713.00000, 184.00000
18738.00000, 184.00000
18764.00000, 184.00000
18788.00000, 185.00000
18814.00000, 184.00000
18838.00000, 183.00000
18863.00000, 184.00000
18889.00000, 184.00000
18913.00000, 184.00000
18938.00000, 184.00000
18963.00000, 184.00000
18988.00000, 184.00000
19013.00000, 184.00000
19038.00000, 184.00000
19063.00000, 184.00000
19088.00000, 184.00000
19113.00000, 184.00000
19137.00000, 184.00000
19163.00000, 184.00000
19188.00000, 184.00000
19213.00000, 184.00000
19238.00000, 185.00000
19262.00000, 184.00000
19288.00000, 184.00000
19312.00000, 184.00000
19337.00000, 184.00000
19363.00000, 185.00000
19387.00000, 184.00000
19413.00000, 184.00000
19437.00000, 184.00000
19462.00000, 184.00000
19488.00000, 184.00000
19512.00000, 184.00000
19537.00000, 184.00000
19562.00000, 184.00000
19587.00000, 184.00000
19612.00000, 184.00000
19637.00000, 184.00000
19662.00000, 184.00000
19687.00000, 184.00000
19712.00000, 184.00000
19736.00000, 184.00000
19762.00000, 185.00000
19787.00000, 183.00000
19812.00000, 184.00000
19837.00000, 184.00000
19861.00000, 184.00000
19887.00000, 184.00000
19911.00000, 184.00000
19936.00000, 184.00000
19962.00000, 184.00000
19986.00000, 184.00000
20012.00000, 184.00000
20036.00000, 185.00000
20061.00000, 185.00000
20087.00000, 184.00000
20111.00000, 184.00000
20136.00000, 184.00000
20161.00000, 184.00000
20186.00000, 184.00000
20212.00000, 184.00000
20236.00000, 184.00000
20261.00000, 184.00000
20286.00000, 185.00000
20311.00000, 184.00000
20336.00000, 184.00000
20361.00000, 184.00000
20386.00000, 184.00000
20411.00000, 184.00000
20436.00000, 184.00000
20460.00000, 184.00000
20486.00000, 184.00000
20511.00000, 184.00000
20535.00000, 184.00000
20561.00000, 184.00000
20585.00000, 184.00000
20611.00000, 184.00000
20635.00000, 184.00000
20660.00000, 184.00000
20686.00000, 184.00000
20710.00000, 184.00000
20735.00000, 184.00000
20760.00000, 184.00000
20785.00000, 185.00000
20811.00000, 185.00000
20835.00000, 184.00000
20860.00000, 184.00000
20885.00000, 183.00000
20910.00000, 184.00000
20935.00000, 184.00000
20960.00000, 183.00000
20985.00000, 184.00000
21010.00000, 185.00000
21035.00000, 184.00000
21059.00000, 184.00000
21085.00000, 184.00000
21110.00000, 184.00000
21134.00000, 184.00000
21160.00000, 184.00000
21184.00000, 184.00000
21210.00000, 184.00000
21234.00000, 184.00000
21259.00000, 185.00000
21285.00000, 184.00000
21309.00000, 184.00000
21334.00000, 184.00000
21359.00000, 183.00000
21384.00000, 183.00000
21410.00000, 184.00000
21434.00000, 184.00000
21459.00000, 184.00000
21484.00000, 185.00000
21509.00000, 184.00000
21535.00000, 183.00000
21559.00000, 184.00000
21584.00000, 184.00000
21609.00000, 184.00000
21634.00000, 184.00000
21658.00000, 184.00000
21684.00000, 184.00000
21709.00000, 184.00000
21734.00000, 184.00000
21759.00000, 184.00000
21783.00000, 185.00000
21809.00000, 184.00000
21834.00000, 184.00000
21858.00000, 184.00000
21884.00000, 184.00000
21908.00000, 184.00000
21933.00000, 183.00000
21958.00000, 184.00000
21983.00000, 185.00000
22009.00000, 184.00000
22033.00000, 184.00000
22058.00000, 184.00000
22083.00000, 184.00000
22108.00000, 184.00000
22133.00000, 184.00000
22158.00000, 184.00000
22183.00000, 184.00000
22208.00000, 184.00000
22233.00000, 184.00000
22257.00000, 184.00000
22283.00000, 184.00000
22308.00000, 184.00000
22332.00000, 184.00000
22358.00000, 184.00000
22382.00000, 184.00000
22408.00000, 184.00000
22433.00000, 184.00000
22457.00000, 184.00000
22483.00000, 184.00000
22507.00000, 184.00000
22532.00000, 184.00000
22557.00000, 184.00000
22582.00000, 183.00000
22608.00000, 184.00000
22632.00000, 184.00000
22657.00000, 184.00000
22682.00000, 183.00000
22707.00000, 184.00000
22733.00000, 185.00000
22757.00000, 184.00000
22782.00000, 184.00000
22807.00000, 184.00000
22832.00000, 184.00000
22857.00000, 184.00000
22882.00000, 184.00000
22907.00000, 184.00000
22932.00000, 184.00000
22957.00000, 184.00000
22981.00000, 184.00000
23007.00000, 184.00000
23032.00000, 183.00000
23056.00000, 184.00000
23082.00000, 183.00000
23106.00000, 183.00000
23131.00000, 184.00000
23157.00000, 184.00000
23181.00000, 183.00000
23207.00000, 184.00000
23231.00000, 184.00000
23256.00000, 184.00000
23281.00000, 184.00000
23306.00000, 184.00000
23331.00000, 184.00000
23356.00000, 184.00000
23381.00000, 183.00000
23406.00000, 184.00000
23431.00000, 184.00000
23456.00000, 184.00000
23481.00000, 184.00000
23506.00000, 184.00000
23530.00000, 184.00000
23556.00000, 184.00000
23580.00000, 183.00000
23606.00000, 184.00000
23631.00000, 184.00000
23655.00000, 184.00000
23681.00000, 183.00000
23705.00000, 183.00000
23730.00000, 184.00000
23756.00000, 184.00000
23780.00000, 184.00000
23806.00000, 184.00000
23830.00000, 184.00000
23855.00000, 184.00000
23881.00000, 184.00000
23905.00000, 184.00000
23930.00000, 184.00000
23955.00000, 184.00000
23980.00000, 184.00000
24005.00000, 184.00000
24030.00000, 184.00000
24055.00000, 184.00000
24080.00000, 184.00000
24105.00000, 184.00000
24129.00000, 184.00000
24155.00000, 184.00000
24180.00000, 183.00000
24205.00000, 184.00000
24230.00000, 183.00000
24254.00000, 183.00000
24280.00000, 184.00000
24304.00000, 184.00000
24329.00000, 183.00000
24355.00000, 184.00000
24379.00000, 184.00000
24405.00000, 184.00000
24429.00000, 185.00000
24454.00000, 184.00000
24480.00000, 184.00000
24504.00000, 184.00000
24529.00000, 184.00000
24554.00000, 184.00000
24579.00000, 184.00000
24604.00000, 183.00000
24629.00000, 183.00000
24654.00000, 184.00000
24679.00000, 183.00000
24704.00000, 184.00000
24729.00000, 183.00000
24754.00000, 184.00000
24779.00000, 184.00000
24804.00000, 183.00000
24829.00000, 184.00000
24853.00000, 184.00000
24879.00000, 183.00000
24903.00000, 183.00000
24928.00000, 184.00000
24954.00000, 184.00000
24978.00000, 184.00000
25004.00000, 183.00000
25028.00000, 184.00000
25053.00000, 183.00000
25079.00000, 183.00000
25103.00000, 184.00000
25129.00000, 184.00000
25153.00000, 183.00000
25178.00000, 184.00000
25204.00000, 183.00000
25228.00000, 184.00000
25253.00000, 183.00000
25278.00000, 184.00000
25303.00000, 184.00000
25327.00000, 184.00000
25353.00000, 184.00000
25378.00000, 184.00000
25403.00000, 184.00000
25428.00000, 183.00000
25452.00000, 184.00000
25478.00000, 184.00000
25503.00000, 183.00000
25527.00000, 183.00000
25553.00000, 184.00000
25577.00000, 184.00000
25603.00000, 184.00000
25627.00000, 184.00000
25652.00000, 184.00000
25678.00000, 183.00000
25702.00000, 184.00000
25728.00000, 184.00000
25752.00000, 184.00000
25777.00000, 183.00000
25803.00000, 184.00000
25827.00000, 184.00000
25852.00000, 183.00000
25877.00000, 184.00000
25902.00000, 183.00000
25927.00000, 183.00000
25952.00000, 183.00000
25977.00000, 183.00000
26002.00000, 184.00000
26027.00000, 184.00000
26051.00000, 183.00000
26077.00000, 184.00000
26102.00000, 184.00000
26126.00000, 184.00000
26152.00000, 183.00000
26176.00000, 183.00000
26202.00000, 184.00000
26226.00000, 183.00000
26251.00000, 183.00000
26277.00000, 184.00000
26301.00000, 184.00000
26326.00000, 184.00000
26351.00000, 183.00000
26376.00000, 184.00000
26402.00000, 184.00000
26426.00000, 183.00000
26451.00000, 183.00000
26476.00000, 184.00000
26501.00000, 184.00000
26525.00000, 184.00000
26551.00000, 183.00000
26576.00000, 183.00000
26601.00000, 184.00000
26626.00000, 183.00000
26650.00000, 184.00000
26676.00000, 184.00000
26701.00000, 184.00000
26725.00000, 184.00000
26751.00000, 183.00000
26775.00000, 183.00000
26801.00000, 184.00000
26826.00000, 183.00000
26850.00000, 183.00000
26876.00000, 183.00000
26900.00000, 183.00000
26925.00000, 183.00000
26950.00000, 184.00000
26975.00000, 183.00000
27001.00000, 183.00000
27025.00000, 184.00000
27050.00000, 183.00000
27075.00000, 183.00000
27100.00000, 183.00000
27125.00000, 183.00000
27150.00000, 183.00000
27175.00000, 183.00000
27200.00000, 184.00000
27225.00000, 183.00000
27249.00000, 184.00000
27275.00000, 183.00000
27300.00000, 184.00000
27325.00000, 184.00000
27350.00000, 183.00000
27374.00000, 184.00000
27400.00000, 183.00000
27425.00000, 183.00000
27449.00000, 183.00000
27475.00000, 184.00000
27499.00000, 184.00000
27525.00000, 183.00000
27549.00000, 183.00000
27574.00000, 183.00000
27600.00000, 183.00000
27624.00000, 183.00000
27649.00000, 183.00000
27674.00000, 184.00000
27699.00000, 183.00000
27725.00000, 183.00000
27749.00000, 184.00000
27774.00000, 183.00000
27799.00000, 184.00000
27824.00000, 183.00000
27849.00000, 183.00000
27874.00000, 183.00000
27899.00000, 183.00000
27923.00000, 184.00000
27949.00000, 183.00000
27973.00000, 183.00000
27999.00000, 183.00000
28024.00000, 183.00000
28048.00000, 183.00000
28074.00000, 183.00000
28098.00000, 183.00000
28123.00000, 183.00000
28149.00000, 183.00000
28173.00000, 183.00000
28199.00000, 184.00000
28223.00000, 184.00000
28248.00000, 183.00000
28273.00000, 183.00000
28298.00000, 183.00000
28323.00000, 183.00000
28348.00000, 183.00000
28373.00000, 183.00000
28398.00000, 183.00000
28423.00000, 183.00000
28448.00000, 183.00000
28473.00000, 183.00000
28498.00000, 183.00000
28522.00000, 183.00000
28548.00000, 183.00000
28572.00000, 183.00000
28598.00000, 184.00000
28623.00000, 184.00000
28647.00000, 183.00000
28673.00000, 183.00000
28697.00000, 183.00000
28722.00000, 184.00000
28748.00000, 183.00000
28772.00000, 183.00000
28798.00000, 184.00000
28822.00000, 183.00000
28847.00000, 183.00000
28873.00000, 183.00000
28897.00000, 183.00000
28923.00000, 183.00000
28947.00000, 182.00000
28972.00000, 184.00000
28997.00000, 183.00000
29022.00000, 183.00000
29047.00000, 183.00000
29072.00000, 183.00000
29097.00000, 183.00000
29121.00000, 184.00000
29147.00000, 184.00000
29172.00000, 183.00000
29197.00000, 183.00000
29222.00000, 183.00000
29246.00000, 183.00000
29272.00000, 183.00000
29296.00000, 184.00000
29322.00000, 183.00000
29347.00000, 183.00000
29371.00000, 183.00000
29397.00000, 184.00000
29421.00000, 183.00000
29446.00000, 183.00000
29472.00000, 183.00000
29496.00000, 183.00000
29521.00000, 183.00000
29546.00000, 184.00000
29571.00000, 183.00000
29596.00000, 184.00000
29621.00000, 183.00000
29646.00000, 183.00000
29671.00000, 184.00000
29696.00000, 183.00000
29721.00000, 183.00000
29746.00000, 183.00000
29771.00000, 183.00000
29796.00000, 183.00000
29821.00000, 184.00000
29845.00000, 183.00000
29871.00000, 183.00000
29895.00000, 184.00000
29920.00000, 183.00000
29946.00000, 183.00000
29970.00000, 183.00000
29996.00000, 183.00000
30020.00000, 183.00000
30045.00000, 183.00000
30071.00000, 184.00000
30095.00000, 183.00000
30121.00000, 183.00000
30145.00000, 184.00000
30170.00000, 182.00000
30196.00000, 183.00000
30220.00000, 183.00000
30245.00000, 183.00000
30270.00000, 183.00000
30295.00000, 183.00000
30319.00000, 183.00000
30345.00000, 183.00000
30370.00000, 183.00000
30395.00000, 184.00000
30420.00000, 183.00000
30444.00000, 183.00000
30470.00000, 183.00000
30495.00000, 183.00000
30519.00000, 183.00000
30545.00000, 183.00000
30569.00000, 183.00000
30595.00000, 184.00000
30619.00000, 183.00000
30644.00000, 184.00000
30670.00000, 183.00000
30694.00000, 183.00000
30719.00000, 183.00000
30744.00000, 183.00000
30769.00000, 183.00000
30795.00000, 184.00000
30819.00000, 183.00000
30844.00000, 184.00000
30869.00000, 183.00000
30894.00000, 183.00000
30918.00000, 183.00000
30944.00000, 184.00000
30969.00000, 184.00000
30994.00000, 183.00000
31019.00000, 183.00000
31043.00000, 183.00000
31069.00000, 183.00000
31094.00000, 183.00000
31118.00000, 183.00000
31144.00000, 184.00000
31168.00000, 183.00000
31194.00000, 183.00000
31218.00000, 184.00000
31243.00000, 184.00000
31269.00000, 183.00000
31293.00000, 183.00000
31318.00000, 183.00000
31343.00000, 183.00000
31368.00000, 184.00000
31394.00000, 184.00000
31418.00000, 183.00000
31443.00000, 184.00000
31468.00000, 183.00000
31493.00000, 183.00000
31517.00000, 183.00000
31543.00000, 183.00000
31568.00000, 183.00000
31593.00000, 183.00000
31618.00000, 184.00000
31642.00000, 183.00000
31668.00000, 184.00000
31693.00000, 184.00000
31718.00000, 184.00000
31743.00000, 183.00000
31767.00000, 183.00000
31793.00000, 184.00000
31818.00000, 183.00000
31842.00000, 184.00000
31868.00000, 183.00000
31892.00000, 183.00000
31917.00000, 183.00000
31942.00000, 183.00000
31967.00000, 184.00000
31993.00000, 183.00000
32017.00000, 184.00000
32042.00000, 183.00000
32067.00000, 184.00000
32092.00000, 183.00000
32118.00000, 184.00000
32142.00000, 184.00000
32167.00000, 183.00000
32192.00000, 184.00000
32217.00000, 183.00000
32241.00000, 183.00000
32267.00000, 184.00000
32292.00000, 183.00000
32317.00000, 183.00000
32342.00000, 183.00000
32366.00000, 184.00000
32392.00000, 184.00000
32417.00000, 184.00000
32441.00000, 183.00000
32467.00000, 183.00000
32491.00000, 183.00000
32517.00000, 183.00000
32541.00000, 184.00000
32566.00000, 183.00000
32592.00000, 183.00000
32616.00000, 183.00000
32641.00000, 183.00000
32666.00000, 183.00000
32691.00000, 183.00000
32716.00000, 184.00000
32741.00000, 183.00000
32766.00000, 183.00000
32791.00000, 184.00000
32816.00000, 184.00000
32841.00000, 184.00000
32866.00000, 183.00000
32891.00000, 183.00000
32916.00000, 183.00000
32941.00000, 184.00000
32965.00000, 184.00000
32991.00000, 183.00000
33016.00000, 184.00000
33040.00000, 183.00000
33066.00000, 183.00000
33090.00000, 183.00000
33116.00000, 184.00000
33141.00000, 183.00000
33165.00000, 183.00000
33191.00000, 184.00000
33215.00000, 184.00000
33240.00000, 183.00000
33265.00000, 183.00000
33290.00000, 183.00000
33315.00000, 183.00000
33340.00000, 184.00000
33365.00000, 183.00000
33390.00000, 183.00000
33415.00000, 183.00000
33440.00000, 183.00000
33465.00000, 183.00000
33490.00000, 184.00000
33515.00000, 184.00000
33540.00000, 183.00000
33564.00000, 183.00000
33590.00000, 183.00000
33615.00000, 183.00000
33639.00000, 184.00000
33665.00000, 183.00000
33689.00000, 183.00000
33714.00000, 183.00000
33740.00000, 183.00000
33764.00000, 183.00000
33790.00000, 183.00000
33814.00000, 183.00000
33839.00000, 184.00000
33865.00000, 183.00000
33889.00000, 183.00000
33914.00000, 184.00000
33939.00000, 183.00000
33964.00000, 184.00000
33989.00000, 184.00000
34014.00000, 184.00000
34039.00000, 183.00000
34064.00000, 183.00000
34089.00000, 183.00000
34113.00000, 184.00000
34139.00000, 182.00000
34164.00000, 183.00000
34189.00000, 184.00000
34214.00000, 183.00000
34238.00000, 183.00000
34264.00000, 182.00000
34288.00000, 183.00000
34314.00000, 184.00000
34339.00000, 183.00000
34363.00000, 183.00000
34389.00000, 184.00000
34413.00000, 183.00000
34438.00000, 183.00000
34464.00000, 184.00000
34488.00000, 184.00000
34513.00000, 183.00000
34538.00000, 183.00000
34563.00000, 183.00000
34588.00000, 183.00000
34613.00000, 183.00000
34638.00000, 183.00000
34663.00000, 183.00000
34688.00000, 183.00000
34712.00000, 184.00000
34738.00000, 184.00000
34763.00000, 183.00000
34788.00000, 184.00000
34813.00000, 183.00000
34837.00000, 183.00000
34863.00000, 183.00000
34887.00000, 183.00000
34912.00000, 184.00000
34938.00000, 183.00000
34962.00000, 184.00000
34988.00000, 183.00000
35012.00000, 183.00000
35037.00000, 183.00000
35063.00000, 183.00000
35087.00000, 183.00000
35112.00000, 183.00000
35137.00000, 183.00000
35162.00000, 183.00000
35188.00000, 183.00000
35212.00000, 184.00000
35237.00000, 183.00000
35262.00000, 183.00000
35287.00000, 183.00000
35312.00000, 183.00000
35337.00000, 183.00000
35362.00000, 183.00000
35387.00000, 182.00000
35412.00000, 183.00000
35436.00000, 183.00000
35462.00000, 183.00000
35487.00000, 184.00000
35512.00000, 184.00000
35537.00000, 183.00000
35561.00000, 183.00000
35587.00000, 183.00000
35611.00000, 183.00000
35636.00000, 183.00000
35662.00000, 183.00000
35686.00000, 183.00000
35711.00000, 183.00000
35736.00000, 183.00000
35761.00000, 184.00000
35787.00000, 183.00000
35811.00000, 183.00000
35836.00000, 183.00000
35861.00000, 183.00000
35886.00000, 184.00000
35911.00000, 183.00000
35936.00000, 183.00000
35961.00000, 184.00000
35986.00000, 183.00000
36011.00000, 184.00000
36035.00000, 183.00000
36061.00000, 183.00000
36086.00000, 183.00000
36110.00000, 183.00000
36136.00000, 183.00000
36160.00000, 183.00000
36186.00000, 184.00000
36210.00000, 183.00000
36235.00000, 183.00000
36261.00000, 183.00000
36285.00000, 183.00000
36310.00000, 183.00000
36335.00000, 183.00000
36360.00000, 183.00000
36386.00000, 183.00000
36410.00000, 182.00000
36435.00000, 183.00000
36460.00000, 183.00000
36485.00000, 183.00000
36509.00000, 184.00000
36535.00000, 183.00000
36560.00000, 183.00000
36585.00000, 183.00000
36610.00000, 183.00000
36634.00000, 182.00000
36660.00000, 183.00000
36685.00000, 183.00000
36709.00000, 184.00000
36735.00000, 183.00000
36759.00000, 183.00000
36785.00000, 184.00000
36810.00000, 183.00000
36834.00000, 182.00000
36860.00000, 184.00000
36884.00000, 183.00000
36910.00000, 183.00000
36934.00000, 183.00000
36959.00000, 183.00000
36985.00000, 183.00000
37009.00000, 183.00000
37034.00000, 183.00000
37059.00000, 183.00000
37084.00000, 183.00000
37109.00000, 182.00000
37134.00000, 183.00000
37159.00000, 183.00000
37184.00000, 183.00000
37209.00000, 183.00000
37233.00000, 183.00000
37259.00000, 183.00000
37284.00000, 183.00000
37308.00000, 183.00000
37334.00000, 183.00000
37358.00000, 183.00000
37384.00000, 183.00000
37409.00000, 183.00000
37433.00000, 183.00000
37459.00000, 183.00000
37483.00000, 182.00000
37508.00000, 183.00000
37533.00000, 183.00000
37558.00000, 183.00000
37584.00000, 183.00000
37608.00000, 183.00000
37633.00000, 183.00000
37658.00000, 183.00000
37683.00000, 183.00000
37708.00000, 183.00000
37733.00000, 183.00000
37758.00000, 183.00000
37783.00000, 183.00000
37808.00000, 183.00000
37833.00000, 183.00000
37858.00000, 182.00000
37883.00000, 184.00000
37907.00000, 183.00000
37933.00000, 183.00000
37957.00000, 183.00000
37983.00000, 183.00000
38008.00000, 183.00000
38032.00000, 183.00000
38058.00000, 183.00000
38082.00000, 183.00000
38107.00000, 183.00000
38133.00000, 183.00000
38157.00000, 182.00000
38183.00000, 182.00000
38207.00000, 183.00000
38232.00000, 183.00000
38257.00000, 183.00000
38282.00000, 182.00000
38308.00000, 184.00000
38332.00000, 183.00000
38357.00000, 183.00000
38382.00000, 182.00000
38407.00000, 183.00000
38432.00000, 183.00000
38457.00000, 183.00000
38482.00000, 182.00000
38507.00000, 183.00000
38532.00000, 183.00000
38556.00000, 183.00000
38582.00000, 182.00000
38607.00000, 183.00000
38631.00000, 183.00000
38657.00000, 183.00000
38681.00000, 184.00000
38706.00000, 183.00000
38732.00000, 183.00000
38756.00000, 183.00000
38782.00000, 182.00000
38806.00000, 183.00000
38831.00000, 184.00000
38857.00000, 182.00000
38881.00000, 183.00000
38907.00000, 183.00000
38931.00000, 183.00000
38956.00000, 183.00000
38981.00000, 183.00000
39006.00000, 183.00000
39031.00000, 183.00000
39056.00000, 183.00000
39081.00000, 183.00000
39105.00000, 183.00000
39131.00000, 183.00000
39156.00000, 183.00000
39181.00000, 183.00000
39206.00000, 183.00000
39230.00000, 183.00000
39256.00000, 183.00000
39280.00000, 183.00000
39305.00000, 183.00000
39331.00000, 183.00000
39355.00000, 183.00000
39381.00000, 183.00000
39405.00000, 182.00000
39430.00000, 184.00000
39456.00000, 183.00000
39480.00000, 183.00000
39505.00000, 183.00000
39530.00000, 183.00000
39555.00000, 183.00000
39580.00000, 183.00000
39605.00000, 183.00000
39630.00000, 183.00000
39655.00000, 183.00000
39680.00000, 183.00000
39704.00000, 184.00000
39730.00000, 183.00000
39755.00000, 183.00000
39780.00000, 182.00000
39805.00000, 183.00000
39829.00000, 183.00000
39855.00000, 183.00000
39879.00000, 183.00000
39904.00000, 182.00000
39930.00000, 183.00000
39954.00000, 182.00000
39980.00000, 183.00000
40004.00000, 182.00000
40029.00000, 183.00000
40055.00000, 183.00000
40079.00000, 183.00000
40104.00000, 183.00000
40129.00000, 183.00000
40154.00000, 183.00000
40180.00000, 182.00000
40204.00000, 183.00000
40229.00000, 183.00000
40254.00000, 183.00000
40279.00000, 183.00000
40303.00000, 183.00000
40329.00000, 183.00000
40354.00000, 183.00000
40379.00000, 183.00000
40404.00000, 183.00000
40428.00000, 184.00000
40454.00000, 182.00000
40479.00000, 183.00000
40504.00000, 182.00000
40529.00000, 183.00000
40553.00000, 183.00000
40579.00000, 182.00000
40603.00000, 183.00000
40628.00000, 183.00000
40654.00000, 183.00000
40678.00000, 183.00000
40703.00000, 182.00000
40728.00000, 183.00000
40753.00000, 183.00000
40779.00000, 182.00000
40803.00000, 183.00000
40828.00000, 183.00000
40853.00000, 183.00000
40878.00000, 183.00000
40902.00000, 183.00000
40928.00000, 183.00000
40953.00000, 183.00000
40978.00000, 183.00000
41003.00000, 183.00000
41027.00000, 183.00000
41053.00000, 183.00000
41078.00000, 183.00000
41103.00000, 183.00000
41128.00000, 183.00000
41152.00000, 183.00000
41178.00000, 183.00000
41202.00000, 182.00000
41227.00000, 183.00000
41253.00000, 183.00000
41277.00000, 184.00000
41302.00000, 183.00000
41327.00000, 184.00000
41352.00000, 183.00000
41378.00000, 183.00000
41402.00000, 183.00000
41427.00000, 184.00000
41452.00000, 183.00000
41477.00000, 183.00000
41501.00000, 183.00000
41527.00000, 183.00000
41552.00000, 183.00000
41577.00000, 183.00000
41602.00000, 183.00000
41626.00000, 183.00000
41652.00000, 183.00000
41677.00000, 183.00000
41701.00000, 183.00000
41727.00000, 183.00000
41751.00000, 183.00000
41777.00000, 183.00000
41802.00000, 183.00000
41826.00000, 183.00000
41852.00000, 182.00000
41876.00000, 183.00000
41902.00000, 183.00000
41926.00000, 183.00000
41951.00000, 183.00000
41977.00000, 183.00000
42001.00000, 183.00000
42026.00000, 183.00000
42051.00000, 183.00000
42076.00000, 184.00000
42102.00000, 183.00000
42126.00000, 183.00000
42151.00000, 183.00000
42176.00000, 183.00000
42201.00000, 183.00000
42225.00000, 183.00000
42251.00000, 183.00000
42276.00000, 182.00000
42300.00000, 183.00000
42326.00000, 183.00000
42350.00000, 183.00000
42376.00000, 183.00000
42401.00000, 183.00000
42425.00000, 184.00000
42451.00000, 184.00000
42475.00000, 184.00000
42500.00000, 183.00000
42525.00000, 183.00000
42550.00000, 183.00000
42576.00000, 183.00000
42600.00000, 183.00000
42625.00000, 184.00000
42650.00000, 183.00000
42675.00000, 183.00000
42700.00000, 183.00000
42725.00000, 183.00000
42750.00000, 184.00000
42775.00000, 184.00000
42800.00000, 183.00000
42825.00000, 183.00000
42850.00000, 184.00000
42875.00000, 183.00000
42900.00000, 184.00000
42925.00000, 184.00000
42949.00000, 183.00000
42975.00000, 183.00000
43000.00000, 183.00000
43024.00000, 183.00000
43050.00000, 183.00000
43074.00000, 184.00000
43100.00000, 183.00000
43125.00000, 184.00000
43149.00000, 184.00000
43175.00000, 183.00000
43199.00000, 183.00000
43224.00000, 183.00000
43249.00000, 184.00000
43274.00000, 184.00000
43299.00000, 183.00000
43324.00000, 183.00000
43349.00000, 183.00000
43374.00000, 184.00000
43399.00000, 183.00000
43424.00000, 183.00000
43449.00000, 183.00000
43474.00000, 183.00000
43498.00000, 183.00000
43524.00000, 183.00000
43548.00000, 184.00000
43574.00000, 183.00000
43599.00000, 183.00000
43623.00000, 183.00000
43649.00000, 184.00000
43673.00000, 183.00000
43699.00000, 184.00000
43724.00000, 184.00000
43748.00000, 184.00000
43774.00000, 183.00000
43798.00000, 184.00000
43823.00000, 184.00000
43849.00000, 183.00000
43873.00000, 184.00000
43898.00000, 183.00000
43923.00000, 184.00000
43948.00000, 183.00000
43973.00000, 183.00000
43998.00000, 184.00000
44023.00000, 183.00000
44048.00000, 183.00000
44073.00000, 183.00000
44097.00000, 184.00000
44123.00000, 184.00000
44148.00000, 183.00000
44173.00000, 184.00000
44198.00000, 184.00000
44222.00000, 184.00000
44248.00000, 184.00000
44272.00000, 184.00000
44297.00000, 183.00000
44323.00000, 184.00000
44347.00000, 184.00000
44373.00000, 184.00000
44397.00000, 184.00000
44422.00000, 184.00000
44448.00000, 183.00000
44472.00000, 184.00000
44498.00000, 183.00000
44522.00000, 183.00000
44547.00000, 183.00000
44572.00000, 184.00000
44597.00000, 184.00000
44622.00000, 184.00000
44647.00000, 184.00000
44672.00000, 183.00000
44697.00000, 183.00000
44722.00000, 184.00000
44747.00000, 184.00000
44772.00000, 184.00000
44797.00000, 184.00000
44821.00000, 184.00000
44847.00000, 184.00000
44871.00000, 183.00000
44897.00000, 183.00000
44922.00000, 183.00000
44946.00000, 184.00000
44972.00000, 184.00000
44996.00000, 183.00000
45021.00000, 183.00000
45047.00000, 184.00000
45071.00000, 183.00000
45097.00000, 184.00000
45121.00000, 183.00000
45146.00000, 184.00000
45172.00000, 184.00000
45196.00000, 183.00000
45221.00000, 184.00000
45246.00000, 183.00000
45271.00000, 184.00000
45296.00000, 184.00000
45321.00000, 184.00000
45346.00000, 184.00000
45371.00000, 183.00000
45396.00000, 183.00000
45420.00000, 184.00000
45446.00000, 184.00000
45471.00000, 183.00000
45496.00000, 183.00000
45521.00000, 184.00000
45545.00000, 184.00000
45571.00000, 183.00000
45595.00000, 184.00000
45620.00000, 184.00000
45646.00000, 184.00000
45670.00000, 183.00000
45696.00000, 184.00000
45720.00000, 184.00000
45745.00000, 184.00000
45771.00000, 184.00000
45795.00000, 183.00000
45820.00000, 183.00000
45845.00000, 183.00000
45870.00000, 183.00000
45894.00000, 184.00000
45920.00000, 183.00000
45945.00000, 184.00000
45970.00000, 184.00000
45995.00000, 184.00000
46019.00000, 184.00000
46045.00000, 183.00000
46070.00000, 184.00000
46095.00000, 183.00000
46120.00000, 184.00000
46144.00000, 184.00000
46170.00000, 184.00000
46194.00000, 183.00000
46219.00000, 184.00000
46245.00000, 184.00000
46269.00000, 184.00000
46294.00000, 183.00000
46319.00000, 184.00000
46344.00000, 183.00000
46370.00000, 183.00000
46394.00000, 183.00000
46419.00000, 183.00000
46444.00000, 183.00000
46469.00000, 184.00000
46495.00000, 184.00000
46519.00000, 184.00000
46544.00000, 183.00000
46569.00000, 184.00000
46594.00000, 183.00000
46618.00000, 183.00000
46644.00000, 184.00000
46669.00000, 184.00000
46694.00000, 184.00000
46719.00000, 184.00000
46743.00000, 183.00000
46769.00000, 183.00000
46794.00000, 184.00000
46818.00000, 184.00000
46844.00000, 183.00000
46868.00000, 183.00000
46894.00000, 183.00000
46918.00000, 183.00000
46943.00000, 184.00000
46969.00000, 183.00000
46993.00000, 184.00000
47018.00000, 184.00000
47043.00000, 184.00000
47068.00000, 183.00000
47093.00000, 184.00000
47118.00000, 184.00000
47143.00000, 184.00000
47168.00000, 184.00000
47193.00000, 183.00000
47217.00000, 184.00000
47243.00000, 184.00000
47268.00000, 184.00000
47292.00000, 184.00000
47318.00000, 184.00000
47342.00000, 184.00000
47368.00000, 184.00000
47393.00000, 183.00000
47417.00000, 184.00000
47443.00000, 183.00000
47467.00000, 184.00000
47492.00000, 183.00000
47517.00000, 184.00000
47542.00000, 184.00000
47568.00000, 184.00000
47592.00000, 183.00000
47617.00000, 184.00000
47642.00000, 184.00000
47667.00000, 184.00000
47692.00000, 183.00000
47717.00000, 183.00000
47742.00000, 184.00000
47767.00000, 184.00000
47792.00000, 184.00000
47817.00000, 183.00000
47842.00000, 184.00000
47867.00000, 183.00000
47891.00000, 183.00000
47917.00000, 184.00000
47941.00000, 184.00000
47967.00000, 184.00000
47992.00000, 184.00000
48016.00000, 184.00000
48042.00000, 184.00000
48066.00000, 183.00000
48092.00000, 184.00000
48117.00000, 183.00000
48141.00000, 184.00000
48167.00000, 184.00000
48191.00000, 184.00000
48216.00000, 184.00000
48241.00000, 184.00000
48266.00000, 183.00000
48292.00000, 184.00000
48316.00000, 183.00000
48341.00000, 183.00000
48366.00000, 184.00000
48391.00000, 184.00000
48416.00000, 184.00000
48441.00000, 183.00000
48466.00000, 184.00000
48491.00000, 183.00000
48516.00000, 184.00000
48540.00000, 184.00000
48566.00000, 184.00000
48591.00000, 184.00000
48615.00000, 184.00000
48641.00000, 183.00000
48665.00000, 184.00000
48691.00000, 184.00000
48716.00000, 183.00000
48740.00000, 184.00000
48766.00000, 184.00000
48790.00000, 184.00000
48815.00000, 184.00000
48841.00000, 183.00000
48865.00000, 184.00000
48891.00000, 183.00000
48915.00000, 184.00000
48940.00000, 184.00000
48965.00000, 184.00000
48990.00000, 184.00000
49015.00000, 184.00000
49040.00000, 184.00000
49065.00000, 184.00000
49089.00000, 184.00000
49115.00000, 184.00000
49140.00000, 184.00000
49165.00000, 184.00000
49190.00000, 184.00000
49214.00000, 183.00000
49240.00000, 184.00000
49264.00000, 184.00000
49289.00000, 183.00000
49315.00000, 184.00000
49339.00000, 184.00000
49365.00000, 185.00000
49389.00000, 183.00000
49414.00000, 184.00000
49440.00000, 184.00000
49464.00000, 184.00000
49490.00000, 184.00000
49514.00000, 184.00000
49539.00000, 184.00000
49564.00000, 184.00000
49589.00000, 184.00000
49614.00000, 184.00000
49639.00000, 184.00000
49664.00000, 183.00000
49688.00000, 184.00000
49714.00000, 184.00000
49739.00000, 184.00000
49764.00000, 184.00000
49789.00000, 184.00000
49813.00000, 184.00000
49839.00000, 184.00000
49863.00000, 184.00000
49888.00000, 183.00000
49914.00000, 184.00000
49938.00000, 184.00000
49964.00000, 184.00000
49988.00000, 184.00000
50013.00000, 183.00000
50039.00000, 184.00000
50063.00000, 184.00000
50088.00000, 184.00000
50113.00000, 184.00000
50138.00000, 183.00000
50164.00000, 184.00000
50188.00000, 184.00000
50213.00000, 184.00000
50238.00000, 184.00000
50263.00000, 184.00000
50287.00000, 184.00000
50313.00000, 183.00000
50338.00000, 184.00000
50363.00000, 184.00000
50388.00000, 183.00000
50412.00000, 184.00000
50438.00000, 184.00000
50463.00000, 184.00000
50487.00000, 183.00000
50513.00000, 184.00000
50537.00000, 184.00000
50563.00000, 184.00000
50587.00000, 183.00000
50612.00000, 184.00000
50638.00000, 183.00000
50662.00000, 184.00000
50688.00000, 184.00000
50712.00000, 184.00000
50737.00000, 183.00000
50763.00000, 184.00000
50787.00000, 184.00000
50812.00000, 184.00000
50837.00000, 184.00000
50862.00000, 184.00000
50887.00000, 184.00000
50912.00000, 184.00000
50937.00000, 184.00000
50962.00000, 184.00000
50987.00000, 183.00000
51011.00000, 183.00000
51037.00000, 184.00000
51062.00000, 184.00000
51086.00000, 184.00000
51112.00000, 184.00000
51136.00000, 184.00000
51162.00000, 184.00000
51186.00000, 183.00000
51211.00000, 184.00000
51237.00000, 184.00000
51261.00000, 183.00000
51286.00000, 184.00000
51311.00000, 183.00000
51336.00000, 184.00000
51362.00000, 184.00000
51386.00000, 184.00000
51411.00000, 184.00000
51436.00000, 183.00000
51461.00000, 184.00000
51487.00000, 184.00000
51511.00000, 184.00000
51536.00000, 184.00000
51561.00000, 184.00000
51586.00000, 183.00000
51610.00000, 184.00000
51636.00000, 184.00000
51661.00000, 185.00000
51686.00000, 183.00000
51711.00000, 184.00000
51735.00000, 184.00000
51761.00000, 184.00000
51786.00000, 184.00000
51810.00000, 184.00000
51836.00000, 184.00000
51860.00000, 184.00000
51885.00000, 184.00000
51910.00000, 184.00000
51935.00000, 184.00000
51961.00000, 184.00000
51985.00000, 184.00000
52010.00000, 184.00000
52035.00000, 184.00000
52060.00000, 183.00000
52085.00000, 183.00000
52110.00000, 184.00000
52135.00000, 184.00000
52160.00000, 184.00000
52185.00000, 184.00000
52209.00000, 184.00000
52235.00000, 184.00000
52260.00000, 184.00000
52284.00000, 184.00000
52310.00000, 184.00000
52334.00000, 184.00000
52360.00000, 184.00000
52385.00000, 184.00000
52409.00000, 184.00000
52435.00000, 184.00000
52459.00000, 184.00000
52484.00000, 184.00000
52509.00000, 183.00000
52534.00000, 184.00000
52560.00000, 184.00000
52584.00000, 184.00000
52609.00000, 184.00000
52634.00000, 184.00000
52659.00000, 184.00000
52684.00000, 184.00000
52709.00000, 185.00000
52734.00000, 185.00000
52759.00000, 184.00000
52784.00000, 184.00000
52809.00000, 184.00000
52834.00000, 184.00000
52859.00000, 184.00000
52883.00000, 184.00000
52909.00000, 184.00000
52933.00000, 183.00000
52959.00000, 184.00000
52984.00000, 184.00000
53008.00000, 184.00000
53034.00000, 184.00000
53058.00000, 184.00000
53083.00000, 185.00000
53109.00000, 184.00000
53133.00000, 184.00000
53159.00000, 184.00000
53183.00000, 184.00000
53208.00000, 184.00000
53233.00000, 184.00000
53258.00000, 184.00000
53283.00000, 184.00000
53308.00000, 184.00000
53333.00000, 184.00000
53358.00000, 184.00000
53383.00000, 185.00000
53408.00000, 184.00000
53433.00000, 183.00000
53458.00000, 185.00000
53482.00000, 184.00000
53508.00000, 184.00000
53532.00000, 184.00000
53558.00000, 185.00000
53583.00000, 184.00000
53607.00000, 184.00000
53633.00000, 184.00000
53657.00000, 184.00000
53682.00000, 185.00000
53708.00000, 183.00000
53732.00000, 184.00000
53758.00000, 184.00000
53782.00000, 184.00000
53807.00000, 184.00000
53833.00000, 184.00000
53857.00000, 184.00000
53882.00000, 184.00000
53907.00000, 184.00000
53932.00000, 184.00000
53957.00000, 183.00000
53982.00000, 184.00000
54007.00000, 184.00000
54032.00000, 184.00000
54057.00000, 184.00000
54081.00000, 184.00000
54107.00000, 183.00000
54132.00000, 184.00000
54157.00000, 184.00000
54182.00000, 184.00000
54206.00000, 183.00000
54232.00000, 184.00000
54256.00000, 183.00000
54281.00000, 184.00000
54307.00000, 183.00000
54331.00000, 184.00000
54357.00000, 184.00000
54381.00000, 184.00000
54406.00000, 184.00000
54432.00000, 183.00000
54456.00000, 183.00000
54481.00000, 184.00000
54506.00000, 184.00000
54531.00000, 184.00000
54556.00000, 184.00000
54581.00000, 184.00000
54606.00000, 184.00000
54631.00000, 184.00000
54656.00000, 184.00000
54680.00000, 184.00000
54706.00000, 183.00000
54731.00000, 183.00000
54756.00000, 183.00000
54781.00000, 184.00000
54805.00000, 183.00000
54831.00000, 184.00000
54855.00000, 184.00000
54880.00000, 183.00000
54906.00000, 184.00000
54930.00000, 184.00000
54956.00000, 183.00000
54980.00000, 184.00000
55005.00000, 183.00000
55031.00000, 184.00000
55055.00000, 183.00000
55081.00000, 184.00000
55105.00000, 183.00000
55130.00000, 183.00000
55156.00000, 184.00000
55180.00000, 183.00000
55205.00000, 183.00000
55230.00000, 183.00000
55255.00000, 182.00000
55279.00000, 183.00000
55305.00000, 183.00000
55330.00000, 183.00000
55355.00000, 183.00000
55380.00000, 183.00000
55404.00000, 184.00000
55430.00000, 183.00000
55455.00000, 184.00000
55480.00000, 183.00000
55505.00000, 184.00000
55529.00000, 184.00000
55555.00000, 183.00000
55579.00000, 184.00000
55604.00000, 184.00000
55630.00000, 183.00000
55654.00000, 184.00000
55680.00000, 183.00000
55704.00000, 183.00000
55729.00000, 183.00000
55755.00000, 183.00000
55779.00000, 183.00000
55804.00000, 183.00000
55829.00000, 183.00000
55854.00000, 183.00000
55878.00000, 182.00000
55904.00000, 183.00000
55929.00000, 183.00000
55954.00000, 183.00000
55979.00000, 183.00000
56003.00000, 183.00000
56029.00000, 183.00000
56054.00000, 183.00000
56079.00000, 183.00000
56104.00000, 183.00000
56128.00000, 183.00000
56154.00000, 183.00000
56178.00000, 183.00000
56203.00000, 183.00000
56229.00000, 184.00000
56253.00000, 183.00000
56278.00000, 183.00000
56303.00000, 183.00000
56328.00000, 183.00000
56354.00000, 183.00000
56378.00000, 183.00000
56403.00000, 183.00000
56428.00000, 183.00000
56453.00000, 183.00000
56477.00000, 183.00000
56503.00000, 183.00000
56528.00000, 183.00000
56553.00000, 183.00000
56578.00000, 183.00000
56602.00000, 183.00000
56628.00000, 183.00000
56653.00000, 183.00000
56677.00000, 183.00000
56703.00000, 183.00000
56727.00000, 182.00000
56753.00000, 183.00000
56778.00000, 182.00000
56802.00000, 182.00000
56828.00000, 182.00000
56852.00000, 183.00000
56878.00000, 182.00000
56902.00000, 182.00000
56927.00000, 182.00000
56953.00000, 182.00000
56977.00000, 182.00000
57002.00000, 182.00000
57027.00000, 182.00000
57052.00000, 183.00000
57078.00000, 182.00000
57102.00000, 183.00000
57127.00000, 183.00000
57152.00000, 182.00000
57177.00000, 182.00000
57201.00000, 182.00000
57227.00000, 183.00000
57252.00000, 183.00000
57277.00000, 182.00000
57302.00000, 182.00000
57326.00000, 182.00000
57352.00000, 182.00000
57377.00000, 182.00000
57401.00000, 183.00000
57427.00000, 183.00000
57451.00000, 182.00000
57476.00000, 182.00000
57501.00000, 181.00000
57526.00000, 181.00000
57552.00000, 182.00000
57576.00000, 182.00000
57601.00000, 182.00000
57626.00000, 182.00000
57651.00000, 182.00000
57676.00000, 182.00000
57701.00000, 182.00000
57726.00000, 182.00000
57751.00000, 182.00000
57776.00000, 182.00000
57801.00000, 182.00000
57826.00000, 182.00000
57851.00000, 182.00000
57875.00000, 182.00000
57901.00000, 182.00000
57925.00000, 181.00000
57951.00000, 182.00000
57976.00000, 181.00000
58000.00000, 182.00000
58026.00000, 183.00000
58050.00000, 181.00000
58075.00000, 181.00000
58101.00000, 182.00000
58125.00000, 182.00000
58151.00000, 182.00000
58175.00000, 181.00000
58200.00000, 181.00000
58225.00000, 182.00000
58250.00000, 182.00000
58275.00000, 182.00000
58300.00000, 182.00000
58325.00000, 182.00000
58350.00000, 181.00000
58375.00000, 182.00000
58400.00000, 182.00000
58425.00000, 182.00000
58450.00000, 182.00000
58474.00000, 182.00000
58500.00000, 182.00000
58524.00000, 182.00000
58550.00000, 181.00000
58575.00000, 181.00000
58599.00000, 181.00000
58625.00000, 181.00000
58649.00000, 182.00000
58675.00000, 181.00000
58700.00000, 182.00000
58724.00000, 182.00000
58750.00000, 182.00000
58774.00000, 181.00000
58799.00000, 181.00000
58825.00000, 182.00000
58849.00000, 182.00000
58874.00000, 182.00000
58899.00000, 182.00000
58924.00000, 182.00000
58949.00000, 182.00000
58974.00000, 181.00000
58999.00000, 181.00000
59024.00000, 182.00000
59049.00000, 181.00000
59073.00000, 181.00000
59099.00000, 182.00000
59124.00000, 182.00000
59149.00000, 181.00000
59174.00000, 181.00000
59198.00000, 181.00000
59224.00000, 182.00000
59248.00000, 181.00000
59273.00000, 181.00000
59299.00000, 181.00000
59323.00000, 181.00000
59349.00000, 181.00000
59373.00000, 181.00000
59398.00000, 181.00000
59424.00000, 182.00000
59448.00000, 181.00000
59473.00000, 181.00000
59498.00000, 181.00000
59523.00000, 182.00000
59548.00000, 181.00000
59573.00000, 181.00000
59598.00000, 181.00000
59623.00000, 181.00000
59648.00000, 181.00000
59672.00000, 181.00000
59698.00000, 181.00000
59723.00000, 181.00000
59748.00000, 181.00000
59773.00000, 181.00000
59797.00000, 182.00000
59823.00000, 181.00000
59847.00000, 182.00000
59873.00000, 181.00000
59898.00000, 181.00000
59922.00000, 182.00000
59948.00000, 181.00000
59972.00000, 181.00000
59997.00000, 181.00000
