,
Time, v, b, c, g, gy, y, o, r, cl, nir
0.00000, 15.71655, 49.59106, 23.04077, 58.89893, 69.12231, 57.83081, 38.75732, 18.15796, 58.44116, 2.74658
155.00000, 15.56396, 49.43848, 23.04077, 58.89893, 72.63184, 60.72998, 40.43579, 18.92090, 58.44116, 3.05176
272.00000, 16.17432, 51.26953, 24.10889, 61.95068, 79.80347, 66.98608, 44.09790, 20.75195, 57.98340, 3.05176
388.00000, 14.95361, 48.67554, 22.12524, 56.15234, 61.49292, 50.81177, 34.79004, 15.86914, 59.35669, 2.74658
503.00000, 14.49585, 47.45483, 21.51489, 54.47388, 75.68359, 63.47656, 42.41943, 19.83643, 57.83081, 3.05176
619.00000, 18.15796, 56.76270, 26.55029, 68.96973, 83.00781, 69.58008, 45.47119, 21.51489, 58.59375, 3.05176
735.00000, 13.88550, 45.62378, 20.59937, 52.03247, 61.95068, 51.26953, 35.24780, 16.17432, 59.66187, 2.74658
851.00000, 14.64844, 47.45483, 21.51489, 54.32129, 75.53101, 63.47656, 42.26685, 19.83643, 57.83081, 3.05176
967.00000, 17.70020, 55.23682, 25.32959, 64.54468, 79.04053, 66.07056, 43.18237, 20.44678, 58.74634, 3.05176
1082.00000, 12.81738, 42.57202, 19.07349, 47.60742, 61.49292, 50.65918, 34.94263, 15.86914, 59.81445, 2.74658
1199.00000, 17.08984, 53.40576, 25.48218, 65.91797, 81.63452, 68.96973, 44.25049, 21.05713, 57.83081, 2.74658
1315.00000, 16.47949, 52.03247, 24.56665, 63.01880, 66.52832, 55.54199, 37.23145, 17.39502, 58.59375, 2.74658
1432.00000, 14.49585, 46.99707, 21.36230, 54.01611, 69.58008, 58.28857, 38.90991, 18.15796, 58.28857, 2.74658
1550.00000, 14.95361, 48.06519, 22.27783, 56.91528, 73.24219, 61.49292, 40.74097, 19.07349, 58.44116, 3.05176
1667.00000, 15.56396, 49.28589, 23.04077, 59.05151, 75.68359, 63.62915, 42.41943, 19.83643, 58.13599, 3.05176
1783.00000, 15.25879, 48.52295, 22.43042, 56.91528, 68.05420, 56.91528, 37.99438, 17.70020, 58.59375, 2.74658
1901.00000, 15.25879, 48.67554, 22.58301, 57.67822, 71.56372, 59.81445, 39.97803, 18.61572, 57.98340, 2.74658
2016.00000, 15.71655, 49.74365, 23.34595, 59.66187, 72.32666, 60.42480, 40.28320, 18.92090, 58.28857, 2.74658
2133.00000, 15.10620, 48.06519, 22.27783, 56.76270, 69.42749, 57.98340, 38.90991, 18.15796, 58.28857, 3.05176
2250.00000, 15.56396, 49.59106, 23.19336, 59.20410, 72.47925, 60.72998, 40.43579, 18.92090, 58.13599, 2.74658
2367.00000, 15.56396, 49.43848, 23.04077, 58.74634, 67.29126, 56.30493, 37.84180, 17.70020, 58.28857, 2.74658
2483.00000, 16.02173, 50.81177, 23.95630, 61.34033, 73.69995, 61.79810, 41.35132, 19.37866, 57.83081, 2.74658
2599.00000, 14.03809, 46.23413, 20.75195, 52.64282, 59.35669, 48.98071, 33.87451, 15.41138, 59.81445, 2.74658
2716.00000, 16.78467, 52.64282, 24.10889, 60.88257, 68.96973, 57.98340, 39.21509, 18.31055, 56.76270, 2.13623
2834.00000, 15.10620, 48.52295, 22.27783, 56.30493, 59.05151, 48.52295, 33.41675, 15.25879, 59.81445, 2.74658
2950.00000, 14.03809, 46.08154, 20.75195, 52.49023, 66.68091, 55.69458, 37.53662, 17.39502, 57.83081, 2.74658
3066.00000, 17.54761, 54.93164, 25.17700, 64.08691, 81.48193, 67.90161, 43.94531, 20.59937, 57.98340, 2.74658
3183.00000, 14.03809, 46.38672, 20.90454, 52.64282, 59.50928, 48.98071, 33.87451, 15.41138, 59.66187, 2.74658
3300.00000, 14.80103, 47.91260, 21.97266, 55.38940, 73.54736, 61.64551, 41.19873, 19.22607, 57.83081, 2.74658
3418.00000, 18.00537, 56.30493, 26.55029, 69.58008, 77.05688, 64.39209, 42.87720, 19.98901, 58.28857, 3.05176
3532.00000, 14.03809, 45.92896, 20.75195, 52.33765, 62.71362, 51.87988, 35.40039, 16.17432, 58.89893, 2.74658
3648.00000, 16.17432, 51.57471, 24.26147, 62.56104, 77.51465, 64.69727, 42.87720, 20.14160, 57.98340, 2.74658
3765.00000, 16.17432, 51.42212, 24.10889, 61.64551, 63.32397, 52.33765, 35.85815, 16.47949, 58.74634, 2.74658
3882.00000, 14.49585, 47.60742, 21.36230, 54.32129, 70.64819, 59.20410, 39.67285, 18.61572, 57.98340, 2.74658
3996.00000, 18.31055, 56.76270, 26.09253, 67.59644, 84.83887, 71.41113, 45.62378, 21.82007, 58.13599, 2.74658
4113.00000, 13.73291, 45.47119, 20.44678, 51.57471, 59.81445, 49.13330, 34.02710, 15.56396, 59.81445, 2.74658
4231.00000, 14.64844, 46.99707, 21.66748, 55.23682, 79.34570, 66.37573, 43.64014, 20.59937, 56.76270, 2.44141
4347.00000, 18.31055, 56.61011, 27.31323, 71.71631, 59.35669, 49.43848, 34.17969, 15.56396, 60.27222, 2.74658
4464.00000, 13.12256, 43.33496, 19.37866, 48.67554, 75.53101, 63.62915, 42.41943, 19.83643, 57.06787, 3.05176
4580.00000, 16.02173, 50.20142, 22.73560, 57.67822, 71.86890, 60.57739, 40.28320, 18.92090, 56.15234, 2.44141
4697.00000, 12.96997, 42.87720, 19.07349, 48.21777, 50.04883, 41.50391, 29.29688, 13.27515, 61.64551, 2.44141
4813.00000, 13.73291, 45.01343, 20.14160, 51.11694, 75.07324, 63.93433, 41.35132, 19.68384, 55.69458, 2.74658
4931.00000, 16.78467, 53.10059, 23.95630, 60.88257, 79.04053, 66.22314, 43.18237, 20.44678, 57.52563, 3.05176
5047.00000, 11.59668, 39.21509, 17.39502, 43.18237, 55.08423, 45.01343, 32.04346, 14.19067, 60.72998, 2.74658
5163.00000, 16.93726, 53.10059, 24.26147, 62.10327, 63.62915, 53.25317, 36.62109, 17.08984, 56.61011, 2.13623
5280.00000, 16.47949, 52.33765, 24.56665, 63.62915, 58.13599, 47.76001, 33.26416, 14.95361, 59.50928, 2.74658
5397.00000, 13.27515, 44.09790, 19.68384, 49.74365, 68.51196, 57.06787, 38.45215, 17.85278, 57.83081, 2.74658
5514.00000, 14.95361, 48.21777, 21.82007, 55.54199, 65.61279, 55.23682, 37.84180, 17.70020, 56.15234, 2.13623
5629.00000, 14.03809, 46.23413, 20.90454, 53.25317, 53.10059, 43.79272, 30.67017, 13.88550, 60.72998, 2.44141
5747.00000, 12.81738, 42.57202, 18.92090, 47.60742, 63.47656, 52.49023, 35.85815, 16.47949, 57.22046, 2.74658
5862.00000, 15.41138, 49.59106, 22.27783, 56.30493, 72.17407, 60.42480, 40.28320, 18.76831, 56.91528, 2.44141
5978.00000, 12.81738, 42.57202, 19.07349, 48.06519, 56.15234, 45.92896, 32.50122, 14.49585, 60.42480, 2.74658
6094.00000, 14.80103, 47.76001, 21.82007, 55.23682, 77.66724, 65.15503, 42.87720, 20.29419, 56.91528, 2.74658
6212.00000, 18.46313, 57.06787, 26.70288, 68.81714, 78.27759, 65.46021, 43.48755, 20.29419, 58.13599, 3.05176
6327.00000, 13.12256, 43.33496, 19.53125, 48.98071, 61.79810, 50.96436, 34.94263, 16.02173, 58.59375, 2.74658
6445.00000, 16.47949, 51.72729, 24.56665, 63.32397, 78.58276, 66.52832, 42.87720, 20.44678, 57.06787, 2.74658
6561.00000, 15.25879, 48.67554, 22.58301, 57.83081, 65.76538, 54.62646, 36.92627, 17.08984, 58.28857, 2.74658
6678.00000, 13.88550, 45.47119, 20.44678, 51.72729, 73.08960, 61.18774, 40.89355, 19.22607, 57.83081, 3.05176
6795.00000, 16.17432, 51.26953, 24.10889, 62.40845, 72.32666, 60.57739, 40.43579, 18.92090, 57.52563, 2.74658
6910.00000, 15.10620, 48.21777, 22.27783, 56.61011, 66.37573, 55.23682, 37.23145, 17.24243, 58.13599, 2.74658
7028.00000, 15.71655, 50.20142, 23.49854, 59.96704, 71.41113, 59.96704, 39.97803, 18.76831, 57.67822, 2.74658
7145.00000, 12.20703, 52.18506, 18.31055, 43.18237, 194.85474, 173.95020, 132.90405, 54.32129, 392.15088, 15.86914
7267.00000, 14.19067, 53.55835, 18.92090, 32.95898, 47.60742, 54.62646, 39.82544, 19.83643, 58.74634, 2.74658
7384.00000, 16.63208, 79.49829, 22.58301, 39.82544, 29.14429, 33.26416, 28.07617, 12.66479, 65.46021, 2.13623
7501.00000, 7.62939, 28.53394, 9.76563, 12.66479, 45.47119, 44.55566, 40.58838, 18.15796, 124.66431, 3.66211
7617.00000, 15.10620, 59.05151, 18.15796, 27.77100, 30.21240, 39.97803, 34.33228, 17.08984, 80.71899, 2.74658
7734.00000, 7.47681, 32.34863, 9.76563, 8.23975, 8.08716, 16.02173, 14.95361, 8.39233, 26.85547, 0.91553
7845.00000, 11.74927, 51.42212, 14.19067, 14.80103, 14.80103, 27.61841, 26.55029, 16.32690, 49.74365, 1.83105
7962.00000, 28.83911, 129.39453, 20.29419, 9.61304, 17.24243, 41.04614, 41.35132, 27.46582, 67.29126, 2.74658
8078.00000, 19.83643, 88.04321, 15.86914, 7.93457, 9.61304, 30.67017, 31.28052, 22.88818, 47.60742, 1.83105
8192.00000, 21.97266, 93.07861, 14.19067, 5.18799, 10.98633, 41.50391, 41.50391, 35.85815, 61.49292, 2.13623
8309.00000, 37.99438, 115.20386, 15.71655, 6.56128, 45.47119, 160.98022, 168.45703, 108.79517, 346.52710, 16.17432
8431.00000, 61.64551, 217.89551, 28.53394, 10.52856, 41.04614, 154.11377, 169.98291, 126.34277, 382.23267, 15.86914
8554.00000, 96.28296, 305.02319, 35.85815, 14.64844, 17.70020, 61.95068, 68.96973, 56.91528, 154.26636, 5.79834
8674.00000, 29.14429, 104.67529, 15.86914, 5.34058, 9.76563, 32.04346, 38.75732, 38.14697, 79.04053, 3.05176
8789.00000, 12.35962, 66.07056, 11.44409, 3.50952, 27.16064, 82.85522, 99.02954, 86.66992, 236.20605, 10.07080
8907.00000, 57.52563, 185.24170, 30.82275, 12.96997, 26.55029, 73.24219, 87.28027, 83.46558, 222.01538, 9.46045
9026.00000, 50.50659, 177.00195, 40.13062, 21.66748, 32.19604, 65.00244, 77.36206, 79.04053, 212.70752, 9.46045
9146.00000, 43.64014, 157.77588, 43.33496, 27.46582, 27.46582, 49.43848, 61.03516, 66.68091, 173.64502, 7.62939
9265.00000, 37.99438, 137.78687, 44.86084, 32.65381, 33.72192, 48.37036, 60.27222, 69.88525, 198.21167, 8.85010
9383.00000, 32.65381, 127.10571, 51.57471, 45.92896, 34.48486, 41.80908, 52.18506, 64.84985, 178.68042, 7.93457
9502.00000, 27.77100, 106.50635, 53.86353, 55.99976, 39.82544, 39.21509, 49.28589, 64.23950, 181.12183, 8.23975
9620.00000, 28.53394, 107.42188, 68.81714, 91.70532, 49.43848, 38.45215, 48.98071, 61.18774, 197.90649, 8.23975
9740.00000, 25.78735, 99.18213, 70.34302, 99.02954, 55.38940, 39.67285, 49.59106, 63.93433, 216.06445, 9.46045
9858.00000, 25.32959, 97.50366, 79.95605, 123.13843, 56.76270, 36.46851, 46.69189, 62.86621, 223.08350, 10.07080
9977.00000, 24.41406, 95.21484, 88.65356, 140.53345, 56.45752, 32.50122, 41.96167, 60.11963, 215.75928, 9.76563
10095.00000, 21.66748, 84.07593, 85.14404, 141.44897, 55.99976, 29.60205, 39.36768, 57.98340, 198.97461, 9.15527
10215.00000, 20.75195, 78.88794, 88.19580, 145.72144, 55.84717, 28.07617, 37.99438, 58.13599, 201.11084, 8.85010
10336.00000, 19.98901, 77.20947, 89.56909, 153.96118, 55.99976, 26.85547, 37.53662, 56.45752, 205.84106, 9.46045
10453.00000, 18.61572, 71.25854, 90.33203, 160.82764, 57.83081, 25.32959, 36.77368, 55.99976, 214.08081, 9.76563
10574.00000, 17.08984, 64.08691, 90.48462, 166.62598, 58.59375, 24.71924, 34.63745, 53.71094, 217.13257, 9.76563
10694.00000, 18.46313, 67.44385, 102.84424, 206.45142, 67.59644, 26.39771, 36.01074, 56.76270, 235.29053, 10.68115
10816.00000, 18.61572, 68.66455, 106.20117, 225.83008, 72.78442, 27.46582, 37.53662, 58.13599, 250.70190, 10.98633
10939.00000, 17.70020, 66.37573, 108.33740, 235.44312, 70.64819, 25.78735, 36.01074, 53.86353, 240.93628, 10.68115
11060.00000, 18.31055, 66.22314, 112.30469, 244.29321, 80.26123, 28.38135, 38.60474, 59.96704, 273.59009, 12.20703
11182.00000, 19.37866, 70.95337, 120.23926, 269.31763, 87.58545, 30.82275, 41.35132, 62.71362, 295.41016, 13.12256
11302.00000, 18.92090, 68.05420, 117.95044, 272.21680, 84.83887, 28.68652, 39.82544, 58.74634, 277.09961, 12.51221
11424.00000, 18.61572, 65.46021, 117.34009, 271.30127, 86.66992, 29.29688, 40.58838, 60.42480, 289.30664, 12.81738
11546.00000, 18.92090, 68.05420, 119.62891, 274.04785, 86.05957, 29.75464, 41.80908, 61.34033, 278.47290, 12.81738
11669.00000, 17.39502, 64.69727, 100.86060, 221.40503, 69.73267, 26.24512, 36.62109, 54.93164, 217.89551, 10.07080
11791.00000, 16.78467, 62.40845, 101.62354, 220.03174, 79.34570, 28.68652, 39.97803, 60.88257, 245.97168, 11.29150
11913.00000, 16.93726, 61.03516, 102.38647, 236.96899, 84.07593, 31.73828, 41.35132, 58.13599, 267.48657, 11.90186
12034.00000, 20.59937, 77.36206, 120.54443, 281.52466, 105.43823, 39.82544, 50.35400, 66.83350, 319.67163, 13.73291
12157.00000, 23.04077, 83.92334, 130.31006, 311.88965, 109.25293, 40.43579, 49.89624, 66.07056, 321.19751, 14.03809
12280.00000, 22.43042, 81.17676, 125.27466, 320.28198, 121.76514, 45.01343, 54.47388, 70.49561, 337.52441, 14.95361
12403.00000, 24.56665, 89.41650, 137.02393, 346.67969, 126.34277, 46.99707, 56.30493, 70.64819, 343.62793, 15.25879
12525.00000, 22.88818, 82.70264, 128.17383, 322.72339, 127.25830, 45.16602, 56.30493, 69.42749, 354.30908, 16.78467
12649.00000, 25.17700, 89.11133, 137.78687, 341.33911, 126.19019, 47.91260, 56.91528, 73.08960, 327.45361, 14.64844
12772.00000, 24.56665, 89.56909, 134.12476, 332.64160, 128.78418, 51.57471, 60.42480, 75.37842, 332.48901, 15.25879
12895.00000, 22.73560, 83.31299, 120.54443, 303.49731, 119.32373, 45.16602, 57.06787, 68.20679, 307.92236, 14.95361
13019.00000, 24.10889, 87.28027, 130.61523, 318.45093, 119.93408, 46.69189, 57.06787, 69.42749, 316.77246, 14.64844
13141.00000, 22.27783, 79.19312, 126.19019, 314.78882, 121.45996, 45.31860, 55.38940, 69.88525, 334.01489, 15.25879
13263.00000, 20.14160, 75.83618, 119.17114, 312.95776, 112.76245, 42.11426, 51.26953, 66.37573, 311.58447, 14.34326
13387.00000, 20.14160, 72.93701, 117.34009, 302.58179, 113.06763, 43.48755, 51.87988, 68.35938, 300.44556, 14.03809
13510.00000, 18.46313, 65.76538, 109.71069, 278.77808, 105.74341, 39.52026, 50.04883, 62.10327, 302.27661, 13.73291
13633.00000, 19.22607, 71.25854, 115.50903, 297.85156, 114.13574, 43.48755, 53.40576, 68.05420, 309.29565, 14.03809
13757.00000, 19.22607, 70.19043, 115.05127, 300.44556, 114.89868, 43.48755, 54.47388, 67.13867, 310.05859, 14.03809
13880.00000, 19.68384, 70.49561, 118.71338, 309.60083, 117.64526, 44.40308, 55.08423, 69.42749, 315.24658, 14.34326
14003.00000, 19.37866, 69.27490, 115.96680, 308.53271, 118.71338, 45.31860, 54.16870, 70.80078, 308.38013, 14.34326
14123.00000, 19.53125, 70.03784, 118.56079, 313.11035, 122.22290, 46.38672, 56.61011, 71.41113, 312.19482, 14.34326
14247.00000, 19.68384, 73.08960, 121.76514, 324.24927, 126.64795, 47.91260, 59.50928, 74.00513, 322.26563, 14.95361
14371.00000, 19.37866, 73.39478, 120.08667, 324.24927, 124.35913, 47.30225, 58.59375, 74.00513, 315.55176, 14.49585
14494.00000, 18.92090, 69.88525, 119.17114, 316.46729, 121.00220, 45.77637, 56.91528, 71.10596, 322.87598, 14.95361
14616.00000, 17.85278, 66.07056, 114.59351, 300.90332, 117.03491, 45.16602, 55.23682, 70.64819, 315.24658, 14.34326
14740.00000, 17.85278, 65.30762, 113.22021, 304.56543, 115.81421, 43.64014, 55.38940, 69.73267, 332.79419, 15.25879
14863.00000, 17.08984, 58.89893, 110.62622, 278.01514, 110.01587, 41.35132, 51.87988, 65.91797, 302.73438, 14.03809
14985.00000, 16.47949, 62.10327, 108.33740, 296.93604, 111.84692, 44.09790, 52.94800, 71.56372, 274.81079, 13.27515
15107.00000, 16.17432, 59.20410, 105.89600, 290.67993, 107.42188, 42.26685, 51.11694, 68.20679, 306.24390, 14.34326
15228.00000, 15.86914, 57.52563, 104.06494, 278.47290, 109.25293, 42.11426, 52.18506, 66.52832, 297.08862, 13.73291
15351.00000, 16.63208, 61.49292, 107.11670, 296.63086, 115.66162, 45.92896, 56.30493, 72.17407, 308.99048, 14.34326
15473.00000, 16.63208, 59.50928, 107.11670, 285.33936, 116.42456, 46.69189, 55.99976, 71.56372, 287.17041, 13.58032
15596.00000, 17.24243, 62.10327, 110.62622, 300.90332, 119.01855, 47.45483, 57.06787, 73.54736, 296.47827, 14.34326
15720.00000, 16.02173, 57.37305, 102.23389, 278.77808, 113.37280, 43.64014, 55.23682, 66.68091, 287.62817, 14.03809
15842.00000, 15.71655, 55.99976, 100.25024, 270.23315, 111.23657, 43.79272, 53.40576, 68.35938, 275.26855, 13.12256
15963.00000, 15.86914, 55.99976, 100.40283, 281.21948, 113.52539, 45.77637, 55.69458, 69.73267, 285.49194, 14.03809
16086.00000, 15.56396, 56.15234, 100.55542, 283.66089, 117.49268, 46.53931, 57.22046, 71.10596, 294.79980, 14.34326
16208.00000, 16.47949, 58.59375, 104.52271, 292.81616, 124.66431, 50.04883, 60.42480, 75.22583, 303.80249, 14.34326
16331.00000, 17.08984, 61.03516, 107.42188, 300.59814, 126.95313, 51.26953, 61.64551, 75.98877, 310.21118, 14.95361
16454.00000, 16.78467, 59.81445, 105.89600, 293.27393, 125.57983, 50.96436, 61.34033, 74.61548, 299.68262, 14.64844
16575.00000, 16.47949, 57.98340, 102.99683, 288.08594, 123.74878, 50.50659, 60.57739, 73.39478, 304.41284, 14.95361
16700.00000, 16.47949, 58.44116, 102.99683, 288.69629, 124.96948, 52.03247, 61.79810, 74.31030, 303.80249, 14.64844
16823.00000, 16.78467, 59.35669, 104.52271, 293.88428, 128.63159, 53.55835, 63.62915, 76.14136, 316.16211, 15.25879
16946.00000, 16.78467, 59.81445, 104.52271, 296.78345, 129.24194, 54.32129, 64.39209, 76.29395, 319.97681, 15.56396
17070.00000, 16.63208, 58.89893, 103.14941, 292.35840, 130.61523, 55.23682, 65.00244, 77.36206, 313.11035, 15.25879
17191.00000, 16.63208, 59.20410, 102.84424, 295.86792, 132.59888, 55.38940, 66.68091, 77.05688, 319.36646, 15.56396
17313.00000, 16.47949, 57.83081, 102.23389, 289.45923, 132.44629, 55.54199, 65.91797, 76.75171, 309.75342, 15.25879
17434.00000, 16.32690, 56.76270, 100.70801, 284.42383, 130.31006, 55.69458, 64.23950, 76.44653, 299.53003, 14.95361
17558.00000, 16.32690, 58.13599, 101.47095, 292.66357, 132.59888, 57.98340, 66.22314, 78.58276, 304.71802, 15.56396
17681.00000, 16.17432, 57.37305, 99.63989, 286.40747, 131.98853, 57.06787, 66.37573, 76.59912, 306.85425, 15.25879
17803.00000, 16.32690, 56.91528, 100.25024, 287.78076, 134.58252, 58.59375, 67.74902, 77.97241, 307.76978, 15.25879
17927.00000, 16.17432, 56.15234, 98.41919, 283.96606, 131.37817, 58.13599, 66.83350, 77.66724, 304.87061, 14.95361
18048.00000, 16.02173, 55.38940, 97.19849, 281.98242, 130.61523, 57.83081, 66.37573, 77.36206, 301.36108, 14.95361
18168.00000, 15.41138, 53.40576, 94.75708, 273.43750, 129.39453, 57.06787, 66.07056, 75.53101, 298.15674, 14.95361
18291.00000, 15.41138, 53.86353, 94.14673, 277.55737, 131.07300, 58.89893, 67.29126, 76.90430, 305.93872, 15.25879
18412.00000, 15.56396, 55.23682, 95.97778, 282.59277, 136.87134, 59.96704, 70.03784, 78.88794, 309.60083, 15.25879
18535.00000, 15.71655, 55.99976, 96.89331, 288.84888, 136.41357, 61.34033, 70.80078, 78.73535, 306.39648, 15.56396
18657.00000, 15.71655, 54.32129, 94.90967, 281.67725, 133.20923, 61.18774, 69.73267, 77.51465, 303.03955, 15.25879
18776.00000, 15.41138, 54.01611, 93.84155, 280.60913, 135.19287, 61.49292, 70.19043, 78.27759, 303.19214, 14.95361
18898.00000, 15.56396, 53.86353, 94.29932, 277.55737, 137.63428, 62.56104, 71.41113, 79.04053, 305.63354, 15.25879
19018.00000, 15.86914, 55.84717, 96.13037, 287.01782, 142.36450, 65.30762, 74.31030, 81.32935, 314.02588, 15.86914
19141.00000, 16.02173, 56.45752, 96.74072, 289.30664, 145.11108, 66.83350, 75.68359, 82.09229, 320.58716, 16.17432
19262.00000, 16.32690, 57.52563, 98.26660, 292.81616, 148.16284, 68.81714, 77.51465, 83.46558, 326.23291, 16.47949
19381.00000, 16.32690, 57.06787, 97.19849, 291.29028, 148.46802, 69.27490, 77.97241, 83.46558, 322.41821, 16.17432
19505.00000, 16.32690, 57.22046, 97.04590, 291.44287, 150.45166, 70.34302, 79.49829, 84.07593, 325.62256, 16.17432
19623.00000, 16.32690, 57.06787, 96.43555, 289.30664, 149.38354, 71.25854, 79.19312, 83.61816, 321.19751, 16.17432
19747.00000, 16.32690, 56.61011, 95.67261, 287.32300, 150.60425, 72.32666, 79.80347, 84.22852, 319.97681, 16.32690
19869.00000, 16.32690, 56.61011, 95.82520, 291.13770, 153.35083, 73.08960, 81.48193, 84.68628, 329.58984, 17.08984
19992.00000, 16.32690, 56.76270, 95.36743, 292.96875, 153.96118, 74.00513, 82.24487, 85.29663, 329.13208, 17.08984
20113.00000, 16.02173, 55.69458, 94.29932, 284.42383, 152.13013, 73.39478, 81.32935, 84.07593, 322.26563, 16.47949
20234.00000, 15.86914, 55.08423, 93.23120, 284.11865, 151.67236, 73.54736, 81.32935, 84.83887, 323.02856, 16.47949
20355.00000, 15.56396, 53.55835, 91.24756, 283.05054, 151.97754, 73.39478, 81.78711, 84.07593, 324.09668, 16.47949
20474.00000, 15.71655, 54.62646, 92.16309, 285.49194, 153.35083, 74.61548, 83.46558, 84.99146, 325.77515, 16.78467
20595.00000, 15.71655, 53.86353, 91.40015, 283.35571, 152.13013, 75.53101, 82.55005, 84.83887, 322.57080, 16.47949
20718.00000, 15.56396, 53.86353, 91.70532, 282.74536, 155.48706, 76.29395, 84.83887, 86.05957, 326.84326, 16.78467
20837.00000, 15.56396, 54.16870, 91.55273, 284.42383, 157.92847, 77.05688, 85.44922, 85.90698, 326.69067, 17.08984
20961.00000, 15.56396, 53.25317, 90.33203, 285.49194, 158.99658, 78.58276, 87.12769, 84.68628, 333.40454, 17.08984
21082.00000, 15.71655, 53.10059, 89.72168, 281.98242, 156.86035, 79.19312, 87.12769, 85.14404, 336.30371, 17.39502
21202.00000, 15.86914, 53.55835, 91.24756, 278.77808, 161.13281, 80.10864, 88.65356, 87.43286, 336.45630, 17.39502
21324.00000, 15.86914, 53.86353, 90.78979, 282.44019, 161.59058, 81.63452, 89.56909, 88.50098, 334.16748, 17.39502
21446.00000, 15.86914, 54.62646, 91.40015, 287.47559, 163.57422, 83.16040, 90.33203, 89.56909, 335.23560, 17.39502
21569.00000, 15.86914, 54.16870, 90.94238, 286.10229, 164.64233, 83.61816, 90.63721, 89.56909, 338.13477, 17.70020
21691.00000, 15.86914, 53.71094, 90.48462, 284.42383, 163.87939, 84.22852, 91.24756, 88.65356, 337.37183, 17.70020
21813.00000, 15.86914, 53.10059, 89.56909, 282.89795, 164.03198, 84.68628, 91.40015, 88.95874, 335.23560, 17.70020
21934.00000, 15.86914, 53.40576, 89.72168, 284.11865, 164.79492, 86.21216, 92.16309, 89.87427, 340.27100, 17.70020
22055.00000, 15.86914, 53.40576, 89.41650, 284.57642, 165.25269, 87.12769, 93.23120, 90.33203, 339.81323, 17.70020
22178.00000, 15.71655, 52.79541, 88.50098, 281.52466, 165.40527, 86.21216, 93.38379, 89.26392, 336.76147, 17.70020
22300.00000, 15.56396, 51.57471, 87.28027, 277.09961, 163.11646, 85.60181, 92.46826, 87.43286, 334.93042, 17.70020
22422.00000, 15.56396, 51.42212, 87.12769, 275.42114, 164.48975, 87.12769, 92.92603, 88.65356, 341.94946, 18.00537
22543.00000, 15.41138, 51.11694, 86.21216, 277.86255, 165.86304, 88.65356, 93.99414, 90.33203, 342.55981, 18.00537
22666.00000, 15.41138, 52.18506, 86.66992, 282.13501, 168.30444, 90.02686, 96.13037, 90.94238, 342.86499, 18.00537
22787.00000, 15.56396, 52.18506, 86.82251, 283.20313, 168.91479, 91.09497, 95.82520, 91.55273, 336.60889, 18.00537
22906.00000, 15.41138, 50.96436, 85.75439, 276.64185, 168.91479, 89.87427, 95.97778, 90.02686, 339.05029, 18.00537
23029.00000, 15.25879, 50.50659, 84.53369, 275.11597, 169.67773, 90.48462, 97.35107, 89.72168, 332.48901, 17.70020
23150.00000, 15.86914, 52.49023, 87.58545, 282.44019, 174.86572, 95.52002, 99.79248, 93.84155, 345.00122, 18.31055
23271.00000, 15.86914, 52.03247, 86.97510, 284.72900, 176.23901, 95.82520, 101.47095, 93.07861, 347.90039, 18.61572
23394.00000, 15.86914, 52.03247, 86.97510, 285.64453, 177.45972, 96.89331, 102.23389, 94.29932, 349.57886, 18.61572
23517.00000, 15.71655, 51.57471, 86.36475, 282.74536, 176.69678, 96.74072, 102.08130, 93.68896, 347.59521, 18.61572
23641.00000, 15.56396, 51.11694, 85.60181, 280.91431, 177.30713, 97.35107, 102.53906, 93.84155, 348.66333, 18.61572
23763.00000, 15.86914, 51.42212, 86.05957, 281.67725, 178.98560, 99.33472, 103.60718, 94.75708, 348.35815, 18.92090
23886.00000, 15.71655, 51.11694, 85.44922, 281.82983, 179.44336, 99.48730, 104.37012, 94.60449, 354.61426, 19.07349
24010.00000, 15.56396, 50.81177, 84.99146, 279.84619, 178.83301, 99.18213, 104.82788, 93.84155, 352.78320, 18.61572
24133.00000, 15.41138, 50.65918, 84.38110, 279.23584, 179.74854, 99.94507, 105.28564, 94.29932, 349.42627, 18.92090
24256.00000, 15.56396, 50.50659, 84.38110, 279.99878, 180.96924, 101.92871, 105.89600, 95.36743, 348.51074, 18.92090
24381.00000, 15.56396, 50.35400, 84.07593, 279.84619, 181.57959, 102.23389, 106.65894, 95.21484, 349.73145, 18.61572
24505.00000, 15.56396, 50.20142, 83.77075, 279.84619, 182.18994, 103.30200, 107.11670, 95.97778, 351.10474, 18.92090
24629.00000, 15.56396, 50.04883, 83.61816, 279.69360, 182.95288, 104.06494, 107.57446, 95.97778, 349.12109, 18.92090
24754.00000, 15.56396, 49.89624, 83.16040, 279.23584, 184.78394, 105.59082, 109.25293, 96.58813, 355.07202, 19.07349
24877.00000, 15.71655, 50.35400, 83.77075, 281.21948, 187.37793, 108.03223, 111.54175, 97.50366, 360.26001, 19.22607
25000.00000, 15.86914, 51.11694, 84.53369, 284.27124, 191.34521, 110.47363, 113.98315, 99.02954, 363.76953, 19.37866
25124.00000, 16.02173, 51.42212, 84.53369, 286.10229, 191.80298, 111.84692, 114.59351, 99.63989, 361.63330, 19.53125
25249.00000, 16.02173, 50.96436, 84.07593, 284.57642, 192.41333, 112.45728, 114.74609, 99.48730, 361.93848, 19.68384
25372.00000, 15.86914, 50.35400, 83.00781, 281.37207, 191.19263, 112.30469, 114.28833, 98.87695, 362.85400, 19.68384
25496.00000, 15.71655, 50.20142, 82.55005, 281.82983, 192.71851, 113.83057, 115.66162, 99.63989, 364.99023, 20.14160
25621.00000, 15.86914, 50.35400, 82.55005, 282.44019, 194.54956, 115.20386, 117.03491, 100.09766, 367.27905, 19.83643
25746.00000, 15.86914, 50.35400, 82.85522, 283.20313, 196.68579, 116.72974, 118.56079, 100.86060, 370.78857, 20.14160
25870.00000, 16.02173, 50.35400, 82.70264, 283.66089, 197.14355, 117.79785, 119.62891, 101.01318, 370.94116, 20.14160
25994.00000, 16.02173, 50.20142, 82.24487, 283.20313, 198.05908, 118.86597, 120.39185, 101.16577, 372.31445, 20.14160
26119.00000, 15.86914, 49.74365, 81.78711, 281.06689, 197.90649, 119.17114, 120.69702, 100.55542, 369.56787, 20.14160
26242.00000, 15.86914, 49.59106, 81.32935, 280.30396, 198.82202, 120.39185, 121.45996, 100.70801, 369.72046, 20.14160
26367.00000, 15.86914, 49.59106, 81.48193, 280.45654, 199.89014, 121.76514, 122.37549, 101.01318, 370.33081, 20.14160
26493.00000, 16.02173, 49.59106, 81.32935, 281.06689, 201.26343, 123.29102, 123.44360, 101.77612, 372.77222, 20.44678
26617.00000, 16.02173, 49.59106, 81.17676, 281.21948, 203.09448, 124.35913, 124.20654, 102.23389, 372.77222, 20.44678
26741.00000, 15.86914, 49.59106, 81.02417, 281.52466, 204.31519, 125.57983, 125.42725, 102.69165, 375.67139, 20.75195
26865.00000, 15.86914, 49.28589, 80.56641, 280.15137, 204.62036, 126.03760, 126.34277, 102.38647, 375.97656, 20.75195
26990.00000, 16.02173, 49.28589, 80.26123, 279.23584, 205.07813, 126.95313, 126.95313, 102.53906, 377.50244, 20.75195
27114.00000, 15.86914, 49.13330, 80.10864, 279.54102, 205.99365, 128.32642, 127.86865, 102.84424, 376.73950, 20.75195
27239.00000, 16.02173, 49.13330, 80.10864, 279.69360, 206.60400, 129.54712, 128.32642, 103.30200, 380.55420, 21.05713
27365.00000, 16.02173, 48.82813, 79.95605, 279.08325, 207.82471, 130.00488, 129.69971, 103.14941, 376.43433, 21.05713
27490.00000, 16.02173, 48.82813, 79.49829, 279.84619, 209.19800, 131.98853, 130.92041, 104.52271, 384.97925, 21.36230
27616.00000, 16.02173, 48.67554, 79.65088, 279.84619, 210.57129, 132.44629, 132.14111, 103.75977, 381.46973, 21.36230
27741.00000, 16.02173, 48.82813, 79.80347, 281.52466, 211.94458, 134.27734, 133.05664, 104.98047, 383.91113, 21.36230
27865.00000, 16.02173, 48.52295, 79.19312, 279.08325, 211.48682, 134.58252, 133.97217, 104.06494, 383.60596, 21.36230
27989.00000, 16.17432, 48.82813, 79.49829, 282.13501, 214.53857, 136.71875, 134.88770, 106.04858, 387.72583, 21.66748
28113.00000, 16.02173, 48.21777, 78.88794, 278.16772, 214.23340, 137.02393, 135.19287, 105.43823, 384.97925, 21.36230
28239.00000, 16.02173, 48.37036, 78.88794, 280.45654, 215.30151, 138.24463, 135.95581, 106.20117, 385.58960, 21.66748
28364.00000, 16.02173, 47.91260, 78.12500, 277.09961, 214.84375, 138.54980, 136.26099, 105.74341, 384.82666, 21.36230
28490.00000, 16.02173, 47.76001, 77.81982, 278.01514, 215.45410, 139.46533, 136.71875, 106.20117, 386.65771, 21.66748
28615.00000, 16.02173, 47.45483, 77.66724, 276.18408, 216.67480, 140.38086, 137.78687, 106.35376, 386.50513, 21.66748
28740.00000, 16.02173, 47.60742, 77.66724, 277.40479, 218.04810, 141.44897, 139.00757, 106.65894, 387.87842, 21.97266
28866.00000, 16.02173, 47.30225, 77.36206, 276.64185, 218.81104, 142.97485, 139.92310, 107.42188, 389.86206, 21.97266
28991.00000, 16.02173, 47.30225, 77.36206, 276.64185, 219.11621, 143.73779, 140.68604, 107.42188, 388.94653, 21.97266
29117.00000, 16.02173, 47.45483, 77.20947, 277.40479, 221.09985, 145.41626, 141.90674, 108.33740, 391.69312, 22.27783
29242.00000, 16.02173, 47.30225, 77.05688, 277.25220, 221.86279, 146.48438, 142.82227, 108.48999, 392.76123, 22.12524
29367.00000, 16.02173, 46.99707, 76.90430, 276.94702, 222.77832, 147.70508, 143.58521, 108.94775, 393.52417, 22.27783
29493.00000, 16.02173, 46.99707, 76.59912, 276.79443, 223.69385, 148.62061, 144.34814, 109.10034, 393.06641, 22.27783
29615.00000, 16.02173, 46.84448, 76.44653, 276.64185, 224.60938, 149.53613, 145.41626, 109.40552, 394.13452, 22.27783
29742.00000, 16.02173, 46.84448, 76.14136, 276.79443, 225.52490, 150.90942, 146.48438, 109.55811, 394.43970, 22.58301
29866.00000, 16.02173, 46.69189, 75.83618, 276.64185, 226.44043, 152.13013, 147.24731, 110.01587, 395.05005, 22.58301
29992.00000, 16.02173, 46.53931, 75.68359, 276.33667, 226.89819, 153.19824, 147.70508, 110.16846, 394.13452, 22.58301
30117.00000, 16.02173, 46.53931, 75.53101, 276.18408, 228.11890, 154.26636, 148.92578, 110.47363, 396.11816, 22.58301
30241.00000, 16.02173, 46.38672, 75.22583, 275.87891, 228.42407, 155.94482, 149.53613, 110.62622, 396.72852, 22.58301
30367.00000, 16.02173, 46.08154, 75.07324, 275.57373, 229.49219, 156.70776, 150.60425, 110.77881, 396.72852, 22.88818
30492.00000, 15.86914, 46.08154, 74.92065, 275.26855, 230.25513, 157.92847, 151.67236, 110.93140, 396.72852, 22.88818
30617.00000, 16.02173, 45.92896, 74.76807, 275.11597, 231.01807, 159.14917, 152.28271, 111.38916, 396.72852, 22.88818
30743.00000, 16.17432, 45.92896, 74.46289, 274.04785, 231.93359, 160.21729, 153.50342, 111.38916, 396.72852, 23.19336
30868.00000, 16.17432, 45.92896, 74.46289, 274.20044, 232.84912, 161.28540, 154.57153, 111.84692, 396.72852, 23.19336
30993.00000, 16.02173, 45.62378, 74.15771, 273.74268, 233.91724, 162.35352, 155.79224, 111.99951, 396.72852, 23.49854
31119.00000, 16.17432, 45.62378, 74.00513, 274.04785, 234.83276, 163.26904, 156.55518, 112.15210, 396.72852, 23.49854
31244.00000, 16.02173, 45.47119, 73.85254, 273.74268, 235.59570, 164.48975, 157.62329, 112.45728, 396.72852, 23.49854
31368.00000, 16.17432, 45.31860, 73.69995, 274.04785, 237.12158, 166.01563, 158.53882, 112.91504, 396.72852, 23.80371
31494.00000, 16.17432, 45.47119, 73.85254, 273.59009, 238.03711, 167.38892, 159.45435, 113.52539, 396.72852, 23.80371
31619.00000, 16.17432, 45.31860, 73.54736, 273.89526, 238.95264, 167.99927, 160.67505, 113.52539, 396.72852, 23.80371
31743.00000, 16.17432, 45.16602, 73.24219, 273.74268, 240.02075, 169.21997, 161.43799, 113.67798, 396.72852, 23.80371
31869.00000, 16.17432, 45.01343, 73.24219, 273.74268, 240.93628, 170.13550, 162.35352, 113.83057, 396.72852, 23.80371
31994.00000, 16.17432, 45.01343, 73.08960, 273.59009, 241.85181, 171.35620, 162.96387, 114.44092, 396.72852, 24.10889
32119.00000, 16.17432, 44.70825, 72.78442, 272.21680, 241.85181, 172.27173, 164.03198, 114.28833, 396.72852, 24.10889
32245.00000, 16.17432, 44.55566, 72.47925, 272.52197, 242.91992, 173.79761, 164.79492, 114.59351, 396.72852, 24.41406
32370.00000, 16.17432, 44.40308, 72.32666, 272.06421, 243.22510, 174.71313, 165.25269, 114.59351, 396.72852, 24.10889
32496.00000, 16.17432, 44.25049, 72.02148, 271.60645, 244.29321, 176.08643, 166.32080, 115.05127, 396.72852, 24.41406
32621.00000, 16.17432, 44.25049, 71.86890, 271.45386, 244.90356, 176.69678, 167.08374, 114.89868, 396.72852, 24.10889
32745.00000, 16.17432, 44.25049, 71.71631, 271.45386, 246.73462, 179.13818, 168.45703, 116.27197, 396.72852, 24.41406
32869.00000, 16.17432, 44.09790, 71.71631, 270.69092, 246.73462, 178.68042, 169.21997, 115.20386, 396.72852, 24.41406
32994.00000, 16.17432, 44.09790, 71.56372, 271.45386, 249.32861, 181.57959, 170.89844, 116.72974, 396.72852, 24.71924
33118.00000, 16.17432, 43.94531, 71.41113, 270.69092, 248.56567, 181.27441, 171.05103, 115.81421, 396.72852, 24.41406
33244.00000, 16.32690, 43.79272, 71.10596, 270.69092, 251.46484, 184.93652, 172.42432, 117.64526, 396.72852, 24.71924
33368.00000, 16.32690, 43.64014, 71.10596, 269.16504, 250.24414, 183.56323, 172.72949, 116.11938, 396.72852, 24.71924
33492.00000, 16.32690, 43.79272, 71.10596, 272.21680, 253.44849, 187.53052, 175.01831, 118.25562, 396.72852, 25.02441
33615.00000, 16.32690, 43.64014, 70.95337, 270.08057, 253.44849, 186.92017, 175.78125, 117.18750, 396.72852, 25.02441
33741.00000, 16.47949, 43.79272, 70.95337, 271.75903, 256.34766, 190.12451, 177.91748, 119.01855, 396.72852, 25.32959
33865.00000, 16.47949, 43.33496, 70.80078, 269.62280, 256.50024, 189.97192, 178.22266, 117.79785, 396.72852, 25.32959
33990.00000, 16.47949, 43.79272, 70.95337, 270.53833, 258.63647, 191.80298, 179.59595, 119.62891, 396.72852, 25.63477
34114.00000, 16.47949, 43.48755, 70.80078, 267.94434, 257.87354, 192.56592, 180.51147, 118.86597, 396.72852, 25.63477
34238.00000, 16.47949, 43.79272, 70.34302, 271.91162, 260.77271, 195.77026, 182.49512, 119.32373, 396.72852, 25.63477
34364.00000, 16.47949, 43.18237, 70.19043, 271.75903, 260.16235, 197.14355, 183.25806, 118.40820, 396.72852, 25.32959
34489.00000, 16.47949, 43.64014, 70.03784, 271.30127, 260.62012, 198.36426, 182.18994, 120.54443, 396.72852, 25.63477
34615.00000, 16.78467, 43.64014, 70.34302, 270.99609, 262.75635, 201.41602, 183.71582, 121.45996, 396.72852, 25.63477
34740.00000, 16.63208, 43.33496, 70.34302, 270.69092, 263.97705, 201.72119, 184.78394, 121.15479, 396.72852, 25.93994
34865.00000, 16.63208, 43.48755, 70.34302, 271.91162, 264.89258, 202.78931, 186.92017, 121.15479, 396.72852, 26.24512
34991.00000, 16.78467, 43.33496, 70.19043, 272.21680, 267.02881, 204.62036, 188.90381, 121.76514, 396.72852, 26.55029
35115.00000, 16.63208, 43.18237, 70.19043, 272.36938, 268.09692, 205.99365, 189.81934, 121.91772, 396.72852, 26.55029
35240.00000, 16.78467, 43.33496, 70.03784, 271.75903, 269.01245, 207.67212, 191.04004, 122.68066, 396.72852, 26.55029
35366.00000, 16.78467, 43.18237, 70.03784, 271.91162, 270.08057, 209.04541, 191.95557, 122.83325, 396.72852, 26.85547
35491.00000, 16.93726, 43.18237, 69.88525, 272.21680, 270.84351, 210.11353, 193.32886, 122.98584, 396.72852, 26.85547
35617.00000, 16.93726, 43.02979, 69.58008, 271.45386, 271.45386, 211.18164, 194.09180, 122.98584, 396.72852, 27.16064
35741.00000, 16.93726, 42.87720, 69.12231, 270.99609, 271.91162, 211.94458, 194.70215, 122.68066, 396.72852, 27.16064
35866.00000, 16.93726, 42.72461, 69.12231, 270.38574, 272.36938, 212.70752, 195.46509, 123.29102, 396.72852, 27.16064
35991.00000, 16.93726, 42.57202, 68.96973, 270.08057, 274.04785, 214.84375, 197.29614, 123.44360, 396.72852, 27.16064
36117.00000, 16.93726, 42.41943, 68.81714, 269.92798, 274.65820, 215.30151, 197.90649, 123.59619, 396.72852, 27.16064
36242.00000, 16.78467, 42.57202, 68.96973, 270.53833, 276.33667, 217.43774, 199.12720, 124.35913, 396.72852, 27.46582
36367.00000, 16.93726, 42.57202, 68.81714, 269.47021, 277.25220, 218.50586, 199.89014, 124.35913, 396.72852, 27.46582
36493.00000, 16.93726, 42.41943, 68.81714, 269.47021, 278.32031, 219.87915, 201.11084, 124.66431, 396.72852, 27.46582
36618.00000, 16.93726, 42.41943, 68.66455, 270.23315, 279.23584, 222.01538, 202.33154, 124.96948, 396.72852, 27.77100
36742.00000, 17.08984, 42.41943, 68.51196, 270.23315, 280.45654, 223.99902, 203.39966, 125.73242, 396.72852, 27.77100
36866.00000, 17.08984, 42.41943, 68.66455, 270.38574, 281.37207, 225.21973, 204.31519, 125.88501, 396.72852, 27.77100
36990.00000, 17.08984, 42.41943, 68.51196, 270.99609, 283.50830, 227.81372, 206.45142, 126.80054, 396.72852, 28.38135
37116.00000, 17.08984, 42.26685, 68.51196, 270.23315, 283.66089, 227.96631, 206.75659, 126.19019, 396.72852, 28.07617
37241.00000, 17.24243, 42.26685, 68.51196, 270.99609, 285.33936, 230.71289, 208.28247, 127.56348, 396.72852, 28.38135
37367.00000, 17.24243, 42.11426, 68.20679, 270.08057, 285.64453, 230.86548, 209.19800, 126.95313, 396.72852, 28.07617
37492.00000, 17.39502, 42.26685, 68.05420, 270.69092, 287.01782, 233.45947, 210.26611, 127.86865, 396.72852, 28.38135
37617.00000, 17.24243, 42.11426, 68.05420, 270.23315, 286.71265, 233.30688, 211.02905, 127.25830, 396.72852, 28.38135
37743.00000, 17.24243, 42.11426, 68.05420, 270.84351, 288.84888, 236.05347, 212.24976, 128.47900, 396.72852, 28.68652
37868.00000, 17.39502, 41.80908, 67.74902, 269.31763, 288.39111, 236.05347, 212.70752, 127.86865, 396.72852, 28.38135
37992.00000, 17.24243, 41.96167, 67.74902, 270.23315, 289.91699, 237.57935, 213.92822, 128.47900, 396.72852, 28.68652
38116.00000, 17.39502, 41.65649, 67.44385, 269.16504, 290.37476, 238.80005, 214.84375, 128.63159, 396.72852, 28.68652
38241.00000, 17.39502, 41.65649, 67.29126, 269.01245, 290.67993, 239.25781, 215.45410, 128.63159, 396.72852, 28.99170
38365.00000, 17.39502, 41.50391, 67.29126, 268.55469, 292.05322, 241.08887, 216.67480, 129.39453, 396.72852, 28.99170
38491.00000, 17.24243, 41.50391, 67.13867, 268.24951, 292.35840, 242.15698, 217.28516, 128.93677, 396.72852, 28.99170
38614.00000, 17.24243, 41.35132, 66.98608, 268.09692, 292.81616, 242.76733, 218.20068, 129.08936, 396.72852, 28.99170
38739.00000, 17.39502, 41.35132, 66.83350, 268.40210, 294.18945, 245.05615, 219.42139, 129.85229, 396.72852, 29.29688
38863.00000, 17.24243, 41.04614, 66.68091, 267.02881, 294.34204, 244.90356, 220.48950, 129.08936, 396.72852, 29.29688
38988.00000, 17.39502, 41.19873, 66.68091, 268.09692, 296.47827, 247.65015, 221.71021, 130.15747, 396.72852, 29.60205
39112.00000, 17.39502, 41.04614, 66.52832, 267.02881, 297.24121, 248.41309, 222.77832, 130.15747, 396.72852, 29.60205
39238.00000, 17.54761, 41.19873, 66.52832, 267.94434, 297.54639, 249.63379, 223.84644, 130.31006, 396.72852, 29.60205
39363.00000, 17.39502, 41.04614, 66.37573, 267.63916, 298.61450, 251.46484, 225.06714, 130.61523, 396.72852, 29.90723
39488.00000, 17.54761, 41.04614, 66.22314, 267.48657, 299.83521, 252.83813, 226.28784, 131.07300, 396.72852, 29.90723
39614.00000, 17.39502, 41.04614, 66.22314, 267.48657, 301.05591, 254.21143, 227.50854, 131.22559, 396.72852, 30.21240
39739.00000, 17.54761, 40.89355, 66.07056, 267.33398, 302.27661, 255.88989, 228.57666, 131.68335, 396.72852, 30.21240
39865.00000, 17.70020, 40.74097, 66.07056, 267.02881, 303.03955, 257.41577, 229.64478, 131.83594, 396.72852, 30.05981
39990.00000, 17.70020, 40.89355, 66.07056, 267.33398, 304.10767, 259.55200, 230.86548, 132.29370, 396.72852, 30.51758
40115.00000, 17.70020, 40.74097, 66.07056, 266.72363, 305.02319, 260.31494, 231.93359, 132.44629, 396.72852, 30.51758
40241.00000, 17.70020, 40.89355, 65.91797, 267.48657, 305.93872, 261.38306, 233.45947, 132.59888, 396.72852, 30.51758
40366.00000, 17.70020, 40.89355, 65.91797, 267.33398, 307.31201, 264.12964, 234.37500, 133.66699, 396.72852, 30.51758
40490.00000, 17.70020, 40.74097, 65.91797, 267.02881, 307.31201, 264.43481, 234.83276, 133.05664, 396.72852, 30.51758
40616.00000, 17.85278, 40.74097, 65.76538, 267.48657, 308.99048, 266.87622, 236.20605, 133.66699, 396.72852, 30.82275
40741.00000, 17.85278, 40.58838, 65.61279, 266.57104, 308.99048, 267.48657, 236.96899, 133.81958, 396.72852, 31.12793
40867.00000, 17.85278, 40.58838, 65.61279, 267.18140, 310.05859, 268.85986, 238.34229, 134.12476, 396.72852, 31.12793
40992.00000, 17.85278, 40.43579, 65.46021, 267.02881, 310.97412, 270.38574, 239.41040, 133.97217, 396.72852, 31.12793
41117.00000, 17.85278, 40.43579, 65.30762, 267.02881, 312.34741, 271.91162, 240.93628, 134.58252, 396.72852, 31.43311
41243.00000, 17.85278, 40.43579, 65.30762, 267.02881, 313.11035, 273.74268, 241.85181, 134.88770, 396.72852, 31.43311
41368.00000, 18.00537, 40.43579, 65.30762, 267.02881, 314.33105, 275.87891, 243.07251, 135.34546, 396.72852, 31.43311
41492.00000, 18.00537, 40.43579, 65.30762, 266.87622, 315.85693, 277.09961, 244.29321, 135.49805, 396.72852, 31.73828
41618.00000, 18.00537, 40.43579, 65.46021, 267.18140, 316.61987, 278.62549, 245.51392, 136.10840, 396.72852, 31.73828
41743.00000, 18.15796, 40.43579, 65.30762, 267.18140, 317.53540, 280.15137, 246.73462, 136.10840, 396.72852, 32.04346
41868.00000, 18.15796, 40.43579, 65.15503, 267.48657, 319.21387, 281.82983, 248.26050, 136.41357, 396.72852, 32.04346
41992.00000, 18.15796, 40.28320, 65.00244, 267.63916, 319.51904, 282.89795, 249.17603, 136.56616, 396.72852, 32.34863
42118.00000, 18.15796, 40.28320, 65.00244, 267.33398, 320.43457, 284.27124, 250.09155, 137.17651, 396.72852, 32.34863
42242.00000, 18.15796, 40.28320, 65.00244, 266.87622, 321.65527, 285.64453, 251.15967, 137.32910, 396.72852, 32.34863
42365.00000, 18.31055, 40.28320, 65.00244, 266.87622, 322.11304, 286.71265, 252.38037, 137.17651, 396.72852, 32.34863
42490.00000, 18.31055, 40.13062, 64.84985, 266.87622, 323.79150, 288.69629, 253.14331, 137.78687, 396.72852, 32.65381
42616.00000, 18.31055, 40.13062, 64.84985, 267.33398, 323.02856, 289.61182, 253.75366, 138.09204, 396.72852, 32.65381
42741.00000, 18.31055, 40.13062, 64.84985, 266.57104, 322.72339, 290.83252, 253.29590, 137.93945, 396.72852, 32.34863
42866.00000, 18.15796, 39.97803, 64.08691, 265.96069, 323.79150, 293.27393, 254.51660, 139.00757, 396.72852, 32.95898
42990.00000, 18.31055, 39.97803, 64.23950, 266.26587, 323.79150, 294.03687, 254.66919, 138.70239, 396.72852, 32.80640
43113.00000, 18.15796, 39.82544, 63.93433, 265.19775, 324.40186, 294.34204, 256.19507, 138.54980, 396.72852, 32.95898
43239.00000, 18.15796, 39.82544, 64.08691, 265.04517, 325.16479, 295.25757, 258.02612, 138.54980, 396.72852, 32.95898
43365.00000, 18.15796, 39.67285, 63.93433, 265.04517, 326.53809, 295.71533, 259.09424, 138.39722, 396.72852, 33.11157
43490.00000, 18.15796, 39.52026, 63.78174, 264.73999, 328.36914, 296.78345, 260.31494, 138.24463, 396.72852, 33.26416
43616.00000, 18.31055, 39.52026, 63.78174, 265.04517, 328.97949, 297.69897, 261.38306, 138.54980, 396.72852, 32.95898
43741.00000, 18.31055, 39.52026, 63.78174, 264.12964, 328.82690, 298.46191, 262.14600, 138.70239, 396.72852, 33.26416
43866.00000, 18.31055, 39.36768, 63.62915, 264.28223, 330.50537, 300.44556, 263.06152, 139.16016, 396.72852, 33.26416
43992.00000, 18.31055, 39.36768, 63.78174, 264.73999, 331.11572, 302.27661, 264.28223, 139.31274, 396.72852, 33.41675
44116.00000, 18.46313, 39.52026, 63.78174, 265.35034, 332.64160, 304.26025, 264.73999, 140.22827, 396.72852, 33.56934
44242.00000, 18.46313, 39.36768, 63.78174, 264.58740, 333.40454, 305.48096, 265.96069, 140.22827, 396.72852, 33.56934
44367.00000, 18.61572, 39.52026, 63.93433, 265.50293, 334.16748, 308.07495, 267.33398, 140.99121, 396.72852, 33.56934
44492.00000, 18.61572, 39.36768, 63.78174, 264.43481, 334.93042, 308.68530, 267.79175, 141.14380, 396.72852, 33.87451
44618.00000, 18.61572, 39.36768, 63.78174, 264.89258, 335.84595, 310.21118, 269.16504, 141.29639, 396.72852, 33.87451
44743.00000, 18.61572, 39.36768, 63.78174, 265.50293, 336.60889, 311.27930, 270.23315, 141.60156, 396.72852, 34.02710
44869.00000, 18.61572, 39.36768, 63.62915, 265.04517, 337.67700, 312.34741, 271.60645, 142.05933, 396.72852, 34.17969
44994.00000, 18.76831, 39.36768, 63.62915, 265.65552, 337.98218, 314.17847, 272.21680, 142.36450, 396.72852, 34.17969
45118.00000, 18.76831, 39.36768, 63.62915, 265.50293, 339.50806, 315.70435, 273.13232, 142.51709, 396.72852, 34.17969
45243.00000, 18.76831, 39.21509, 63.47656, 265.65552, 339.81323, 317.07764, 273.89526, 142.66968, 396.72852, 34.48486
45369.00000, 18.76831, 39.21509, 63.32397, 265.35034, 340.27100, 317.68799, 274.50562, 142.66968, 396.72852, 34.48486
45494.00000, 18.76831, 39.21509, 63.32397, 265.04517, 340.88135, 319.36646, 275.87891, 143.28003, 396.72852, 34.48486
45620.00000, 18.92090, 39.06250, 63.32397, 264.73999, 341.94946, 320.73975, 276.79443, 143.43262, 396.72852, 34.63745
45745.00000, 18.92090, 39.06250, 63.32397, 265.04517, 342.71240, 321.96045, 277.86255, 143.73779, 396.72852, 34.79004
45869.00000, 18.92090, 39.06250, 63.17139, 264.58740, 343.47534, 323.63892, 278.77808, 144.04297, 396.72852, 34.79004
45993.00000, 18.92090, 39.06250, 63.17139, 265.04517, 344.54346, 324.85962, 279.84619, 144.04297, 396.72852, 34.79004
46119.00000, 18.92090, 39.06250, 63.17139, 264.58740, 345.45898, 326.23291, 280.76172, 144.34814, 396.72852, 35.09521
46244.00000, 19.07349, 39.06250, 63.17139, 265.80811, 346.37451, 326.99585, 281.98242, 144.50073, 396.72852, 35.09521
46368.00000, 19.07349, 38.90991, 63.01880, 264.89258, 347.44263, 329.13208, 283.20313, 145.11108, 396.72852, 35.09521
46494.00000, 19.07349, 38.90991, 63.01880, 265.04517, 347.74780, 329.28467, 283.81348, 144.80591, 396.72852, 35.40039
46619.00000, 19.07349, 38.90991, 63.01880, 264.58740, 348.96851, 331.26831, 284.88159, 145.56885, 396.72852, 35.40039
46744.00000, 19.07349, 38.75732, 63.01880, 264.28223, 348.96851, 331.26831, 285.49194, 145.26367, 396.72852, 35.40039
46868.00000, 19.07349, 38.75732, 63.01880, 264.43481, 350.64697, 332.94678, 287.01782, 145.72144, 396.72852, 35.40039
46991.00000, 19.22607, 38.75732, 62.86621, 264.43481, 351.10474, 334.01489, 287.78076, 145.72144, 396.72852, 35.40039
47118.00000, 19.07349, 38.60474, 62.71362, 264.12964, 352.17285, 335.54077, 288.69629, 146.02661, 396.72852, 35.70557
47243.00000, 19.22607, 38.60474, 62.71362, 263.97705, 352.17285, 336.30371, 289.61182, 146.02661, 396.72852, 35.70557
47368.00000, 19.22607, 38.60474, 62.71362, 263.51929, 353.24097, 337.98218, 290.67993, 146.33179, 396.72852, 36.01074
47494.00000, 19.22607, 38.45215, 62.56104, 263.36670, 353.54614, 339.05029, 291.59546, 146.48438, 396.72852, 35.70557
47619.00000, 19.22607, 38.45215, 62.56104, 263.21411, 354.30908, 340.27100, 292.66357, 146.48438, 396.72852, 36.01074
47744.00000, 19.22607, 38.45215, 62.56104, 262.90894, 355.22461, 341.03394, 293.88428, 146.94214, 396.72852, 36.16333
47869.00000, 19.37866, 38.45215, 62.56104, 263.21411, 356.14014, 343.17017, 294.49463, 147.55249, 396.72852, 36.01074
47994.00000, 19.22607, 38.14697, 62.40845, 262.45117, 355.83496, 342.10205, 295.41016, 146.78955, 396.72852, 36.31592
48120.00000, 19.37866, 38.29956, 62.40845, 263.06152, 357.81860, 345.76416, 297.08862, 148.31543, 396.72852, 36.31592
48245.00000, 19.37866, 38.29956, 62.25586, 262.29858, 357.66602, 345.91675, 297.08862, 147.85767, 396.72852, 36.31592
48371.00000, 19.37866, 38.29956, 62.25586, 262.45117, 358.12378, 346.83228, 297.24121, 148.01025, 396.72852, 36.31592
48496.00000, 19.37866, 38.29956, 62.25586, 262.29858, 358.42896, 348.81592, 298.76709, 148.31543, 396.72852, 36.62109
48621.00000, 19.37866, 38.29956, 62.25586, 262.29858, 358.58154, 349.27368, 298.76709, 148.16284, 396.72852, 36.62109
48747.00000, 19.53125, 38.29956, 62.10327, 261.99341, 359.64966, 351.10474, 299.22485, 148.92578, 396.72852, 36.62109
48871.00000, 19.37866, 38.14697, 62.10327, 261.53564, 360.10742, 350.64697, 300.29297, 148.31543, 396.72852, 36.62109
48996.00000, 19.53125, 38.14697, 62.10327, 262.45117, 361.17554, 352.47803, 301.66626, 148.92578, 396.72852, 36.92627
49121.00000, 19.53125, 38.14697, 61.95068, 262.14600, 361.32813, 353.39355, 302.73438, 149.07837, 396.72852, 36.62109
49247.00000, 19.53125, 38.14697, 61.95068, 262.29858, 363.46436, 356.90308, 304.26025, 150.14648, 396.72852, 36.92627
49372.00000, 19.53125, 37.99438, 61.95068, 261.23047, 362.85400, 355.22461, 304.71802, 148.77319, 396.72852, 36.62109
49498.00000, 19.68384, 38.29956, 62.10327, 263.06152, 364.22729, 358.73413, 305.78613, 150.29907, 396.72852, 37.23145
49622.00000, 19.53125, 37.99438, 61.79810, 261.53564, 364.07471, 357.66602, 306.39648, 149.07837, 396.72852, 36.92627
49747.00000, 19.68384, 38.14697, 61.95068, 263.21411, 365.90576, 361.48071, 307.76978, 150.90942, 396.72852, 37.23145
49873.00000, 19.68384, 37.99438, 61.79810, 260.92529, 365.60059, 360.10742, 307.92236, 149.53613, 396.72852, 37.23145
49998.00000, 19.68384, 38.14697, 61.95068, 262.29858, 367.12646, 363.46436, 309.44824, 151.06201, 396.72852, 37.53662
50123.00000, 19.68384, 37.99438, 61.79810, 261.84082, 366.36353, 362.70142, 309.14307, 150.14648, 396.72852, 37.53662
50249.00000, 19.68384, 37.84180, 61.64551, 261.38306, 368.34717, 366.05835, 310.66895, 151.67236, 396.72852, 37.53662
50373.00000, 19.83643, 37.84180, 61.64551, 260.62012, 366.36353, 362.85400, 310.21118, 149.84131, 396.72852, 37.53662
50498.00000, 19.68384, 37.84180, 61.64551, 261.07788, 368.80493, 366.97388, 312.19482, 151.67236, 396.72852, 37.84180
50624.00000, 19.68384, 37.84180, 61.64551, 260.62012, 367.27905, 364.83765, 311.88965, 150.14648, 396.72852, 37.53662
50749.00000, 19.83643, 37.84180, 61.49292, 261.68823, 369.72046, 369.11011, 313.56812, 151.97754, 396.72852, 37.84180
50874.00000, 19.83643, 37.84180, 61.34033, 260.46753, 369.11011, 367.12646, 313.41553, 150.29907, 396.72852, 37.84180
51000.00000, 19.83643, 37.68921, 61.34033, 261.38306, 370.94116, 370.63599, 315.09399, 151.67236, 396.72852, 37.84180
51125.00000, 19.83643, 37.53662, 61.18774, 260.16235, 369.87305, 369.41528, 315.24658, 151.21460, 396.72852, 37.84180
51249.00000, 19.83643, 37.53662, 61.03516, 260.46753, 371.24634, 371.09375, 315.85693, 151.67236, 396.72852, 37.84180
51375.00000, 19.83643, 37.53662, 61.18774, 259.85718, 370.94116, 371.24634, 316.00952, 151.21460, 396.72852, 37.84180
51499.00000, 19.83643, 37.53662, 61.03516, 259.70459, 372.00928, 373.22998, 316.92505, 151.82495, 396.72852, 38.14697
51624.00000, 19.83643, 37.53662, 61.03516, 259.55200, 372.61963, 375.06104, 317.68799, 151.97754, 396.72852, 38.14697
51750.00000, 19.98901, 37.53662, 61.03516, 259.55200, 372.16187, 374.60327, 318.14575, 151.67236, 396.72852, 38.14697
51875.00000, 19.98901, 37.53662, 61.03516, 259.55200, 374.45068, 377.50244, 319.51904, 152.74048, 396.72852, 38.14697
51999.00000, 19.98901, 37.38403, 61.03516, 259.09424, 373.68774, 376.73950, 319.36646, 152.13013, 396.72852, 38.29956
52125.00000, 19.98901, 37.53662, 61.03516, 259.55200, 375.21362, 379.18091, 320.89233, 152.89307, 396.72852, 38.45215
52250.00000, 19.98901, 37.38403, 61.03516, 259.24683, 376.28174, 379.94385, 322.41821, 152.74048, 396.72852, 38.45215
52375.00000, 20.14160, 37.68921, 61.34033, 260.00977, 376.58691, 381.16455, 323.79150, 153.04565, 396.72852, 38.75732
52501.00000, 20.14160, 37.53662, 61.03516, 259.39941, 378.11279, 383.45337, 324.85962, 153.65601, 396.72852, 38.75732
52626.00000, 20.14160, 37.53662, 61.03516, 259.70459, 377.96021, 383.45337, 325.16479, 153.35083, 396.72852, 38.75732
52752.00000, 20.14160, 37.53662, 61.03516, 259.85718, 379.02832, 385.13184, 325.92773, 153.80859, 396.72852, 39.06250
52877.00000, 20.29419, 37.38403, 61.03516, 258.78906, 379.02832, 385.74219, 326.38550, 153.65601, 396.72852, 38.75732
53001.00000, 20.14160, 37.53662, 61.03516, 259.39941, 379.94385, 387.72583, 327.91138, 154.11377, 396.72852, 39.06250
53123.00000, 20.29419, 37.38403, 61.03516, 259.09424, 380.40161, 388.33618, 328.52173, 154.26636, 396.72852, 39.06250
53250.00000, 20.29419, 37.53662, 61.03516, 259.70459, 380.70679, 389.09912, 328.97949, 153.96118, 396.72852, 39.06250
53375.00000, 20.29419, 37.38403, 60.88257, 259.09424, 382.53784, 392.45605, 331.11572, 155.33447, 396.72852, 39.36768
53500.00000, 20.44678, 37.53662, 61.03516, 259.55200, 381.92749, 391.38794, 330.65796, 154.41895, 396.72852, 39.06250
53625.00000, 20.44678, 37.53662, 61.03516, 259.55200, 382.84302, 393.52417, 331.87866, 155.02930, 396.72852, 39.36768
53749.00000, 20.44678, 37.38403, 60.88257, 259.39941, 384.82666, 396.27075, 334.32007, 155.79224, 396.72852, 39.67285
53875.00000, 20.44678, 37.53662, 61.18774, 260.00977, 384.97925, 395.35522, 333.70972, 155.33447, 396.72852, 39.67285
54000.00000, 20.44678, 37.53662, 61.03516, 259.85718, 386.35254, 396.72852, 335.54077, 156.40259, 396.72852, 39.97803
54126.00000, 20.44678, 37.53662, 61.03516, 260.31494, 387.26807, 396.72852, 336.76147, 156.86035, 396.72852, 39.97803
54251.00000, 20.59937, 37.53662, 61.03516, 260.31494, 385.89478, 396.72852, 335.69336, 156.09741, 396.72852, 39.97803
54376.00000, 20.59937, 37.53662, 61.03516, 260.31494, 386.19995, 396.72852, 336.30371, 156.25000, 396.72852, 39.97803
54500.00000, 20.59937, 37.53662, 61.03516, 260.46753, 388.33618, 396.72852, 338.74512, 157.16553, 396.72852, 39.97803
54626.00000, 20.59937, 37.38403, 61.03516, 260.00977, 388.64136, 396.72852, 339.35547, 157.01294, 396.72852, 40.13062
54751.00000, 20.59937, 37.38403, 60.88257, 260.31494, 387.11548, 396.72852, 337.98218, 156.40259, 396.72852, 40.28320
54877.00000, 20.59937, 37.38403, 60.88257, 259.85718, 387.57324, 396.72852, 338.43994, 156.40259, 396.72852, 40.28320
55002.00000, 20.59937, 37.38403, 60.88257, 260.00977, 387.87842, 396.72852, 338.89771, 156.40259, 396.72852, 40.28320
55126.00000, 20.59937, 37.38403, 60.88257, 259.85718, 390.01465, 396.72852, 341.33911, 157.31812, 396.72852, 40.28320
55252.00000, 20.59937, 37.53662, 60.72998, 259.85718, 388.48877, 396.72852, 340.27100, 156.70776, 396.72852, 40.28320
55377.00000, 20.59937, 37.38403, 60.72998, 259.70459, 389.09912, 396.72852, 340.88135, 156.70776, 396.72852, 40.58838
55502.00000, 20.75195, 37.38403, 60.72998, 259.39941, 389.40430, 396.72852, 341.79688, 156.86035, 396.72852, 40.28320
55628.00000, 20.59937, 37.38403, 60.88257, 259.24683, 389.70947, 396.72852, 342.25464, 156.86035, 396.72852, 40.58838
55753.00000, 20.75195, 37.23145, 60.72998, 259.24683, 390.31982, 396.72852, 343.01758, 157.47070, 396.72852, 40.58838
55877.00000, 20.75195, 37.23145, 60.72998, 259.24683, 390.62500, 396.72852, 343.62793, 156.86035, 396.72852, 40.43579
56003.00000, 20.75195, 37.23145, 60.72998, 258.63647, 391.23535, 396.72852, 344.54346, 157.77588, 396.72852, 40.89355
56127.00000, 20.75195, 37.23145, 60.72998, 259.55200, 391.23535, 396.72852, 345.00122, 157.47070, 396.72852, 40.58838
56252.00000, 20.75195, 37.07886, 60.57739, 258.33130, 391.99829, 396.72852, 345.61157, 157.47070, 396.72852, 40.58838
56377.00000, 20.75195, 37.23145, 60.57739, 258.94165, 392.60864, 396.72852, 346.22192, 157.77588, 396.72852, 40.89355
56503.00000, 20.75195, 37.23145, 60.57739, 258.33130, 392.45605, 396.72852, 346.83228, 157.77588, 396.72852, 40.58838
56628.00000, 20.75195, 37.23145, 60.57739, 258.63647, 392.91382, 396.72852, 347.29004, 158.08105, 396.72852, 40.89355
56754.00000, 20.90454, 37.07886, 60.42480, 258.48389, 396.72852, 396.72852, 350.49438, 159.30176, 396.72852, 40.89355
56879.00000, 20.90454, 37.07886, 60.42480, 258.17871, 394.28711, 396.72852, 348.51074, 158.38623, 396.72852, 40.89355
57003.00000, 20.90454, 37.07886, 60.42480, 258.63647, 394.59229, 396.72852, 349.42627, 158.69141, 396.72852, 40.89355
57129.00000, 20.90454, 37.07886, 60.57739, 258.48389, 395.05005, 396.72852, 349.73145, 158.53882, 396.72852, 41.19873
57254.00000, 20.90454, 37.07886, 60.42480, 258.17871, 396.27075, 396.72852, 350.64697, 158.99658, 396.72852, 41.19873
57378.00000, 20.90454, 37.07886, 60.42480, 258.33130, 395.66040, 396.72852, 351.10474, 158.38623, 396.72852, 41.04614
57504.00000, 21.05713, 37.07886, 60.57739, 258.17871, 396.11816, 396.72852, 351.56250, 159.60693, 396.72852, 41.50391
57628.00000, 21.05713, 37.07886, 60.57739, 257.87354, 395.96558, 396.72852, 351.56250, 159.30176, 396.72852, 41.50391
57752.00000, 21.05713, 37.07886, 60.27222, 257.56836, 396.72852, 396.72852, 354.46167, 160.06470, 396.72852, 41.50391
57877.00000, 21.05713, 36.92627, 60.27222, 257.26318, 396.72852, 396.72852, 352.78320, 159.45435, 396.72852, 41.65649
58002.00000, 20.90454, 36.92627, 60.27222, 257.72095, 396.72852, 396.72852, 353.54614, 158.53882, 396.72852, 41.50391
58126.00000, 20.90454, 36.92627, 60.11963, 257.26318, 396.72852, 396.72852, 356.44531, 160.21729, 396.72852, 41.50391
58252.00000, 20.90454, 36.92627, 59.96704, 256.95801, 396.72852, 396.72852, 353.69873, 159.30176, 396.72852, 41.50391
58377.00000, 21.05713, 36.92627, 59.96704, 256.19507, 396.72852, 396.72852, 354.15649, 158.99658, 396.72852, 41.50391
58502.00000, 21.05713, 36.77368, 59.96704, 256.65283, 396.72852, 396.72852, 354.46167, 159.45435, 396.72852, 41.19873
58628.00000, 21.05713, 36.92627, 59.96704, 256.04248, 396.72852, 396.72852, 354.46167, 159.14917, 396.72852, 41.50391
58752.00000, 21.05713, 36.77368, 59.96704, 257.11060, 396.72852, 396.72852, 355.52979, 159.75952, 396.72852, 41.50391
58878.00000, 21.05713, 36.62109, 59.81445, 256.19507, 396.72852, 396.72852, 356.29272, 159.45435, 396.72852, 41.50391
59003.00000, 21.05713, 36.92627, 59.96704, 256.80542, 396.72852, 396.72852, 357.05566, 160.06470, 396.72852, 41.80908
59129.00000, 21.05713, 36.92627, 59.96704, 256.65283, 396.72852, 396.72852, 357.66602, 159.75952, 396.72852, 41.80908
59254.00000, 21.20972, 36.77368, 59.96704, 256.34766, 396.72852, 396.72852, 358.27637, 160.52246, 396.72852, 41.80908
59379.00000, 21.20972, 36.92627, 59.96704, 256.65283, 396.72852, 396.72852, 359.19189, 159.91211, 396.72852, 41.80908
59505.00000, 21.20972, 36.92627, 60.11963, 256.95801, 396.72852, 396.72852, 360.26001, 161.28540, 396.72852, 41.80908
59630.00000, 21.20972, 36.92627, 59.96704, 256.80542, 396.72852, 396.72852, 361.32813, 160.06470, 396.72852, 41.65649
59756.00000, 21.20972, 36.92627, 60.11963, 257.87354, 396.72852, 396.72852, 362.70142, 161.89575, 396.72852, 42.11426
59881.00000, 21.20972, 36.77368, 60.11963, 257.11060, 396.72852, 396.72852, 362.70142, 160.36987, 396.72852, 41.80908
60006.00000, 21.36230, 36.92627, 60.11963, 257.72095, 396.72852, 396.72852, 363.76953, 162.20093, 396.72852, 42.11426
